,,,,,
 4734 Lebanon Church Rd,15034,40.3543266,-79.9007057,Dravosburg,PA
 202 McClure St,15034,40.3505527,-79.8868138,Dravosburg,PA
 1 Ravine St,15034,40.3509559,-79.889059,Dravosburg,PA
 1530 Hamilton Rd Bethel,15234,40.3541155,-80.0146597,Bethel Park,PA
 301 South Hills Village,15241,40.35762,-80.05998,Pittsburgh,PA
 414 Hawkins Ave,15104,40.4134643,-79.8802474,rankin,PA
 2101 Greentree Rd Ste B201,15220,40.3903858,-80.0708968,Pittsburgh,PA
 141 Hawthorne St Greentree,15106,40.415517,-80.067534,Carnegie,PA
 718A Hope Hollow Rd,15106,40.394588,-80.0844539,Carnegie,PA
 920 Forsythe Rd Carnegie,15106,40.4054039,-80.0762665,Carnegie,PA
 8 Logan St Carnegie,15106,40.406323,-80.0903575,Carnegie,PA
 2080 Greentree Rd,15220,40.3922071,-80.0691338,Pittsburgh,PA
 300 Beechwood Ave Carnegie,15106,40.4068423,-80.0858661,Carnegie,PA
 1011 Washington Ave,15106,40.3983526,-80.0824517,Carnegie,PA
 2100 Washington Pike,15106,40.3875124,-80.0932152,Carnegie,PA
 2100 Washington Pike,15106,40.3875124,-80.0932152,Carnegie,PA
 Bower Hill Rd & Vanadium Rd,15106,40.3688246817,-80.0843536574,Carnegie,PA
 1927 E Railroad St,15106,40.388284,-80.089241,Carnegie,PA
 1201 Washington Ave,15106,40.3964688,-80.0849416,Carnegie,PA
 1073 Washington Ave,15106,40.3980741,-80.0833859,Carnegie,PA
 202 3rd Ave Carnegie,15106,40.404638,-80.089985,Carnegie,PA
 520 North Bell Avenue Carnegie,15106,40.417419,-80.088557,Carnegie,PA
 215 E Main St Carnegie,15106,40.40867,-80.085279,Carnegie,PA
 231 E Main St Carnegie,15106,40.4088068,-80.0848871,Carnegie,PA
 117 E Mall Plz Carnegie,15106,40.4068712,-80.0876046,Carnegie,PA
 301 Noblestown Rd East Carnegie,15106,40.4165426,-80.0667012,Carnegie,PA
 Raceway Plz,15106,40.3868915,-80.0937037,Carnegie,PA
 2323 Greentree Rd,15106,40.39076,-80.078657,Carnegie,PA
 214 E Main St Carnegie,15106,40.4083473,-80.0849615,Carnegie,PA
 312 2nd Ave Carnegie,15106,40.4031063,-80.0904271,Carnegie,PA
 2180 Greentree Rd,15220,40.39114,-80.073788,Pittsburgh,PA
 100 Roessler Rd,15106,40.394305,-80.060154,Carnegie,PA
 200 E Main St Carnegie,15106,40.4081422,-80.0851737,Carnegie,PA
 300 Davis Blvd Etna,15275,40.495167,-79.958717,Pittsburgh,PA
 820 Amity St Homestead,15120,40.4067047,-79.9105266,Homestead,PA
 270 W Bridge St Homestead,15120,40.407091,-79.916958,Homestead,PA
 3619 Main St,15120,40.3846329,-79.9036345,Homestead,PA
 660 Waterfront Dr E Homestead,15120,40.4140637,-79.9037778,Munhall,PA
 138 W Bridge St Homestead,15120,40.4075854,-79.9163491,Homestead,PA
 650 E Waterfront Dr Homestead,15120,40.413496,-79.9044562,Munhall,PA
 280 Waterfront Dr E Homestead,15120,40.4116978,-79.9124082,Homestead,PA
 171 E Bridge St Homestead,15120,40.4094353,-79.9152619,Homestead,PA
 101 E 7th Ave Homestead,15120,40.40682,-79.912788,Homestead,PA
 690 Waterfront Dr E Homestead,15120,40.4126484,-79.9016982,Homestead,PA
 122 W 8th Ave Homestead,15120,40.405311,-79.912595,Homestead,PA
 180 E Waterfront Dr Homestead,15120,40.4092932,-79.9141865,Homestead,PA
 3804 Main St,15120,40.383607,-79.904493,Homestead,PA
 610 William Marks Way Homestead,15120,40.4097098,-79.9017997,Homestead,PA
 2615 Main St,15120,40.3925524,-79.9000102,Homestead,PA
 171 E Bridge St Homestead,15120,40.4094353,-79.9152619,Homestead,PA
 1415 West St Homestead,15120,40.4023107,-79.9069188,Homestead,PA
 166 E Bridge St Homestead,15120,40.4089836,-79.9148477,Homestead,PA
 420 Waterfront Dr E Homestead,15120,40.4111498,-79.908469,Homestead,PA
 100 W Bridge St Homestead,15120,40.4040168,-79.918751,Homestead,PA
 244 W Bridge St Homestead West,15120,40.4070709,-79.917508,West Homestead,PA
 1000 Sandcastle Dr Hays,15120,40.395691,-79.9337369,Homestead,PA
 401 E 8th Ave Homestead,15120,40.4089932,-79.9073564,Homestead,PA
 207 E 16th Ave Apt 1 Homestead,15120,40.4027249,-79.904308,Homestead,PA
 3360 Main St,15120,40.3868368,-79.9029475,Munhall,PA
 185 Waterfront Dr W Homestead,15120,40.410874319,-79.9155451419,Homestead,PA
 205 East Waterfront Drive Homestead,15120,40.410967,-79.9141364,Homestead,PA
 The Waterfront Homestead,15120,40.4107319,-79.9115741,Homestead,PA
 229 W Bridge St Homestead,15120,40.4078303,-79.9177191,Homestead,PA
 126 West Bridge Street Homestead,15120,40.407859,-79.916227,Homestead,PA
 148 W Bridge St Homestead West,15120,40.4073551,-79.9158429,West Homestead,PA
 112 W Bridge St Homestead,15120,40.408145,-79.9160494,Homestead,PA
 210 W Bridge St Homestead West,15120,40.407174,-79.916603,West Homestead,PA
 2114 West St Homestead,15120,40.3973704,-79.903166,Homestead,PA
 360 Waterfront Dr E Homestead,15120,40.4121132,-79.9113203,Homestead,PA
 324 Amity St Homestead,15120,40.40939,-79.91295,Homestead,PA
 3502 Main St,15120,40.3857182,-79.9032997,Munhall,PA
 520 East Waterfront Drive Homestead,15120,40.4115808364,-79.9064005517,Homestead,PA
 490 Waterfront Dr E Homestead,15120,40.4117061676,-79.9059313113,Homestead,PA
 245 Waterfront Dr E Homestead,15120,40.4113236,-79.9132525,Homestead,PA
 580 Waterfront Dr E Homestead,15120,40.4119958,-79.9047005,Homestead,PA
 460 Waterfront Dr E Homestead,15120,40.4127917,-79.909169,Homestead,PA
 185 W Waterfront Dr Homestead,15120,40.4088783792,-79.9180894261,Pittsburgh/Waterfront,PA
 560 E Waterfront Dr Homestead,15120,40.412712,-79.906061,Homestead,PA
 The Waterfront 350 E Waterfront Dr Homestead,15120,40.4138973,-79.9075963,Homestead,PA
 1886 Homeville Rd West,15122,40.3736775,-79.8737336,West Mifflin,PA
 1356 Hoffman Blvd West,15122,40.3823673,-79.868392,West Mifflin,PA
 Kennywood & Hoffman West,15122,40.3849854,-79.8626605,West Mifflin,PA
 4426 Kennywood Blvd West,15122,40.389192,-79.868305,West Mifflin,PA
 347 Lebanon Rd West,15122,40.3715391,-79.9264919,West Mifflin,PA
 1842 Homeville Rd West,15122,40.3736775,-79.8737336,West Mifflin,PA
 1822 Homeville Rd West,15122,40.3736775,-79.8737336,West Mifflin,PA
 927 5th Ave,15132,40.3520269,-79.8546832,McKeesport,PA
 342 Island Ave Mc Kees,15136,40.468873,-80.0599791,Mc Kees Rocks,PA
 301 Chartiers Ave McKees,15136,40.4641404,-80.0579296,McKees Rocks,PA
 719 Broadway Ave McKees,15136,40.472505,-80.074153,McKees Rocks,PA
 824 Chartiers Ave Mc Kees,15136,40.4660133,-80.0653055,Mc Kees Rocks,PA
 715 Island Ave Mc Kees,15136,40.4728976,-80.0622046,Mc Kees Rocks,PA
 6570 Rt 60 Steubenville Pike McKees,15136,40.46562,-80.0656106,McKees Rocks,PA
 1800 McKees Rocks Rd McKees,15136,40.467816,-80.097642,McKees Rocks,PA
 4260 Steubenville Pike,15205,40.4400036,-80.0909106,Pittsburgh,PA
 500 Pine Hollow Rd Mc Kees,15136,40.4736321,-80.0969955,Mc Kees Rocks,PA
 1122 E Carson St South Side,15203,40.4285966,-79.9864887,Pittsburgh,PA
 421 Lincoln Ave Bellevue,15202,40.4941577,-80.0532928,Bellvue,PA
 4469 Ohio River Blvd Bellevue,15202,40.4906615,-80.0605548,Pittsburgh,PA
 531 Lincoln Ave Bellevue,15202,40.495887,-80.056877,Bellevue,PA
 4557 Ohio River Blvd Bellevue,15202,40.492067,-80.06235,Pittsburgh,PA
 610 Lincoln Ave Bellevue,15202,40.4972056,-80.0583585,Bellevue,PA
 512 Ohio River Blvd Avalon,15202,40.499398,-80.07249,Pittsburgh,PA
 616 Lincoln Ave Ste 7 Bellevue,15202,40.497444,-80.058655,Bellevue,PA
 1015 Ohio River Blvd Bellevue,15202,40.4940896,-80.0635357,Pittsburgh,PA
 120 Elizabeth Ave Avalon,15202,40.4961767,-80.0663388,Pittsburgh,PA
 565 Lincoln Ave Bellevue,15202,40.4964326,-80.057809,Bellevue,PA
 549 Lincoln Ave Bellevue,15202,40.496144,-80.05738,Bellevue,PA
 567 Lincoln Ave Bellevue,15202,40.496456,-80.058001,Bellvue,PA
 543 Lincoln Ave Bellevue,15202,40.4961113,-80.0572126,Bellevue,PA
 734 Ohio River Blvd Avalon,15202,40.4972986,-80.0699259,Pittsburgh,PA
 4260 Ohio River Blvd Bellevue,15202,40.4876741,-80.055667,Pittsburgh,PA
 661 Lincoln Ave Bellevue,15202,40.4977839,-80.0601298,Bellevue,PA
 935 Ohio River Blvd Avalon,15202,40.495483,-80.065652,Pittsburgh,PA
 560 Lincoln Ave Bellevue,15202,40.4966408,-80.057381,Bellevue,PA
 3860 Chartiers Ave Windgap,15204,40.4590742,-80.0769711,Pittsburgh,PA
 1234 Straka St Crafton Heights,15204,40.4499479,-80.057519,Pittsburgh,PA
 5514 Penn Ave Friendship,15206,40.4637827,-79.9319497,Pittsburgh,PA
 7315 Butler St Morningside,15206,40.4881312,-79.920688,Pittsburgh,PA
 6738 Reynolds St Point Breeze,15206,40.450249,-79.9145,Pittsburgh,PA
 724 N Sheridan Ave East Liberty,15206,40.4682663,-79.9191827,Pittsburgh,PA
 518 Mellon St East Liberty,15206,40.467794,-79.926611,Pittsburgh,PA
 235 Carron St Shadyside,15206,40.457881,-79.924269,Pittsburgh,PA
 6320 Shakespeare St Ste 7 Shadyside,15206,40.458577,-79.921053,Pittsburgh,PA
 219 S Highland Ave Shadyside Plaza Shadyside,15206,40.458335,-79.924717,Pittsburgh,PA
 1744 Chislett St Morningside,15206,40.4852544,-79.9259754,Pittsburgh,PA
 1234 Washington Blvd Lincoln,15206,40.4671656,-79.9082692,Pittsburgh,PA
 213 S Highland Ave Shadyside,15206,40.458497,-79.9246661,Pittsburgh,PA
 420 N Highland Ave East Liberty,15206,40.4653904,-79.9229971,Pittsburgh,PA
 226 Shady Ave Shadyside,15206,40.4588237,-79.9223818,Pittsburgh,PA
 5735 Baum Blvd East Liberty,15206,40.458955,-79.932441,Pittsburgh,PA
 6223 Meadow St Larimer,15206,40.4657572,-79.9148356,Pittsburgh,PA
 6620 Hamilton Ave Larimer,15206,40.4574725,-79.9100339,Pittsburgh,PA
 254 S Highland Ave Shadyside,15206,40.4572664,-79.9254416,Pittsburgh,PA
 6100 Penn Ave East Liberty,15206,40.4606263,-79.9238313,Pittsburgh,PA
 5913 Station Street East Liberty,15206,40.464176,-79.9252199,Pittsburgh,PA
 1748 Jancey St Morningside,15206,40.4856089,-79.9264095,Pittsburgh,PA
 1125 N Highland Ave Highland Park,15206,40.4748883,-79.9188657,Pittsburgh,PA
 6325 Penn Ave East Liberty,15206,40.4595955,-79.9197257,Pittsburgh,PA
 216 S Highland Ave Shadyside,15206,40.4583902,-79.9255146,Pittsburgh,PA
 6393 Penn Ave Shadyside,15206,40.4579893,-79.9181411,Pittsburgh,PA
 235 S Highland Ave Shadyside,15206,40.4575612,-79.9250618,Pittsburgh,PA
 215 S Highland Ave Shadyside,15206,40.4584403,-79.9246934,Pittsburgh,PA
 235 Shady Ave Shadyside,15206,40.458477,-79.921901,Pittsburgh,PA
 5525 Penn Avenue Garfield,15206,40.4640842,-79.9312724,Pittsburgh,PA
 6361 Penn Ave East Liberty,15206,40.4588455683,-79.9184470786,Pittsburgh,PA
 5775 Baum Blvd East Liberty,15206,40.4592603,-79.931445,Pittsburgh,PA
 5941 Penn Ave East Liberty,15206,40.4618791,-79.9252673,Pittsburgh,PA
 5964 Baum Blvd East Liberty,15206,40.4605003,-79.9256896,Pittsburgh,PA
 5738 Baum Blvd East Liberty,15206,40.45851,-79.9323128,Pittsburgh,PA
 5906 Bryant St Highland Park,15206,40.4754755,-79.9196258,Pittsburgh,PA
 5900 Baum Blvd East Liberty,15206,40.4599388,-79.9274835,Pittsburgh,PA
 130 S Whitfield St East Liberty,15206,40.4609626,-79.9265025,Pittsburgh,PA
 5972 Baum Blvd East Liberty,15206,40.4605052,-79.9253403,Pittsburgh,PA
 400 N Highland Ave East Liberty,15206,40.4651804861,-79.9220609665,Pittsburgh,PA
 5472 Penn Ave Friendship,15206,40.463935,-79.933126,Pittsburgh,PA
 271 Paulson Ave Larimer,15206,40.462412,-79.91417,Pittsburgh,PA
 244 S Highland Ave Shadyside,15206,40.457545,-79.9253912,Pittsburgh,PA
 211 S Highland Ave Shadyside,15206,40.458548,-79.9246736,Pittsburgh,PA
 5914 Station Street East Liberty,15206,40.4640348,-79.9248088,Pittsburgh,PA
 400 Hastings St Point Breeze,15206,40.4501457,-79.9142223,Pittsburgh,PA
 217 S Highland Ave Shadyside,15206,40.4582251,-79.9251182,Pittsburgh,PA
 5917 Penn Ave East Liberty,15206,40.4620419,-79.9261123,Pittsburgh,PA
 250 S Highland Ave Shadyside,15206,40.4572909,-79.9252009,Pittsburgh,PA
 5880 Centre Ave Shadyside,15206,40.4585106475,-79.9288301986,Pittsburgh,PA
 1012 Washington Blvd Larimer,15206,40.4635585,-79.9057874,Pittsburgh,PA
 52 Penn Cir W East Liberty,15206,40.4608794683,-79.9286788626,Pittsburgh,PA
 272 Shady Ave Shadyside,15206,40.4572797,-79.9225533,Pittsburgh,PA
 6032 Stevenson Pl Shadyside,15206,40.459676,-79.923615,Pittsburgh,PA
 200 S Highland Ave Shadyside,15206,40.4587171,-79.9254048,Pittsburgh,PA
 5700 Centre Ave Shadyside,15206,40.4571291,-79.9334864,Pittsburgh,PA
 401 Shady Ave Ste A101 Shadyside,15206,40.4552551,-79.9212929,Pittsburgh,PA
 229 S Highland Ave Shadyside,15206,40.458138,-79.924797,Pittsburgh,PA
 431 Shady Ave Shadyside,15206,40.4550272,-79.9216873,Pittsburgh,PA
 5430 Penn Ave Bloomfield,15206,40.464485,-79.935388,Pittsburgh,PA
 258 S Highland Ave Shadyside,15206,40.4572561,-79.9253542,Pittsburgh,PA
 6742 Reynolds St Point Breeze,15206,40.4502135,-79.9143225,Pittsburgh,PA
 7103 Reynolds St Point Breeze,15208,40.4472143,-79.9051228,Pittsburgh,PA
 7516 Meade St Point Breeze,15208,40.4481991,-79.8954753,Pittsburgh,PA
 214 N Lexington St Point Breeze,15208,40.4496169181,-79.8988556098,Pittsburgh,PA
 7501 Penn Ave Point Breeze,15208,40.447942,-79.895957,Pittsburgh,PA
 7501 Penn Ave Point Breeze,15208,40.447942,-79.895957,Pittsburgh,PA
 6902 5th Ave Homewood,15208,40.457305,-79.908494,Pittsburgh,PA
 238 Spahr St Shadyside,15232,40.4578038,-79.9274383,Pittsburgh,PA
 7227 Reynolds St Point Breeze,15208,40.446587,-79.902277,Pittsburgh,PA
 6888 Hamilton Ave Homewood,15208,40.456133,-79.905387,Pittsburgh,PA
 238 Brownsville Rd Mt. Oliver,15210,40.4149353,-79.9878346,Pittsburgh,PA
 301 Fifth Ave Downtown,15222,40.440749752,-79.9996304512,Pittsburgh,PA
 203 Brownsville Rd Mt. Oliver,15210,40.415694,-79.98694,Pittsburgh,PA
 4600 E Carson St South Side,15210,40.4115087,-79.9558863,Pittsburgh,PA
 237 Brownsville Rd Mt. Oliver,15210,40.414769,-79.987392,Pittsburgh,PA
 225 Brownsville Rd Mt. Oliver,15210,40.415053,-79.987206,Pittsburgh,PA
 243 Brownsville Rd Mt. Oliver,15210,40.4146974,-79.9876465,Pittsburgh,PA
 804 E Warrington Ave Allentown,15210,40.4216133,-79.9934293,Pittsburgh,PA
 823 E Warrington Ave Allentown,15210,40.4218885,-79.992839,Pittsburgh,PA
 700 Towne Square Way,15227,40.3668,-79.981359,Pittsburgh,PA
 2134 Brownsville Rd Carrick,15210,40.391804,-79.9873805,Pittsburgh,PA
 2158 Brownsville Rd Carrick,15210,40.3919558,-79.9874081,Pittsburgh,PA
 2104 Brownsville Rd Carrick,15210,40.393115,-79.986911,Pittsburgh,PA
 2158 Brownsville Rd Carrick Shopping Center Carrick,15210,40.391732,-79.98718,Pittsburgh,PA
 2209 Saw Mill Run Blvd Overbrook,15210,40.3886503,-79.9965975,Pittsburgh,PA
 2015 Saw Mill Run Blvd Overbrook,15210,40.39261,-79.9968169,Pittsburgh,PA
 2080 Saw Mill Run Blvd Brookline,15210,40.3922377,-79.997446,Pittsburgh,PA
 1600 Saw Mill Run Blvd Brookline,15210,40.397766,-79.999844,Pittsburgh,PA
 2417 Brownsville Rd Carrick,15210,40.387167,-79.98224,Pittsburgh,PA
 1820 Brownsville Rd Carrick,15210,40.396531,-79.987919,Pittsburgh,PA
 403 E Ohio St North Side,15212,40.4531335,-80.0013672,Pittsburgh,PA
 310 Cedar Ave North Side,15212,40.4513599,-80.0005894,Pittsburgh,PA
 525 E Ohio St North Side,15212,40.453428,-79.9997093,Pittsburgh,PA
 537 Suismon St North Side,15212,40.4551576,-79.999728,Pittsburgh,PA
 630 E Ohio St North Side,15212,40.4541341,-79.9981189,Pittsburgh,PA
 539 E Ohio St North Side,15212,40.4535473,-79.9992608,Pittsburgh,PA
 614 Pressley St North Side,15212,40.4523049,-79.9981599,Pittsburgh,PA
 1527 Federal St North Side,15212,40.4589838,-80.008214,Pittsburgh,PA
 719 E St Etna,15212,40.4959456,-79.9606482,Pittsburgh,PA
 503 Martindale St North Side,15212,40.4489884,-80.0088714,Pittsburgh,PA
 1106 Federal St North Side,15212,40.455833,-80.006512,Pittsburgh,PA
 876 Progress St North Side,15212,40.452646,-79.993788,Pittsburgh,PA
 2110 Brighton Rd North Side,15212,40.4621686,-80.0190648,Pittsburgh,PA
 1535 Lowrie St Troy Hill,15212,40.4620001,-79.9838764,Pittsburgh,PA
 857 Phineas St North Side,15212,40.455167,-79.994957,Pittsburgh,PA
 1720 Lowrie St Troy Hill,15212,40.4645128,-79.9823112,Pittsburgh,PA
 Carnegie Science Center 1 Allegheny Ave North Side,15212,40.4456730867,-80.0175065054,Pittsburgh,PA
 4400 Forbes Ave Oakland,15213,40.444011,-79.950361,Pittsburgh,PA
 1062 Progress St Troy Hill,15212,40.4550779,-79.9913252,Pittsburgh,PA
 1219 Federal St North Side,15212,40.4563367,-80.0071993,Pittsburgh,PA
 500 E N Ave North Side,15212,40.4566092,-80.0015054,Pittsburgh,PA
 307 N Taylor Ave North Side,15212,40.4567347,-80.0106967,Pittsburgh,PA
 950 Ridge Ave North Side,15212,40.4500892,-80.0181629,Pittsburgh,PA
 320 Cedar Ave North Side,15212,40.4513311,-80.0010493,Pittsburgh,PA
 505 Foreland St North Side,15212,40.4542039,-80.000579,Pittsburgh,PA
 600 Foreland St North Side,15212,40.454859,-79.999162,Pittsburgh,PA
 410 E Ohio St North Side,15212,40.4534897,-80.0012207,Pittsburgh,PA
 10 Allegheny Ctr North Side,15212,40.4518432,-80.0067586,Pittsburgh,PA
 600 W North Ave North Side,15212,40.4546501,-80.0129013,Pittsburgh,PA
 1110 Federal St North Side,15212,40.455929,-80.0065429,Pittsburgh,PA
 405 E Ohio St North Side,15212,40.4531769,-80.001199,Pittsburgh,PA
 535 E Ohio St North Side,15212,40.4534811,-79.9994015,Pittsburgh,PA
 103 Federal St North Side,15212,40.4480678,-80.0042395,Pittsburgh,PA
 728 James St North Side,15212,40.454173,-80.000603,Pittsburgh,PA
 Allegheny Sq 10 Children's Way North Side,15212,40.4527029402,-80.0066578388,Pittsburgh,PA
 424 E Ohio St North Side,15212,40.4535915,-80.0008071,Pittsburgh,PA
 700 N Taylor Ave North Side,15212,40.4562032,-80.0144357,Pittsburgh,PA
 100 Art Rooney Ave North Side,15212,40.4459596592,-80.0169205774,Pittsburgh,PA
 537 E Ohio St North Side,15212,40.4534946,-79.9993338,Pittsburgh,PA
 115 Federal St North Side,15212,40.4479264,-80.0044819,Pittsburgh,PA
 1700 Harpster St Troy Hill,15212,40.464958,-79.983936,Pittsburgh,PA
 130 44th St Lawrenceville,15201,40.4730851446,-79.9621242835,Pittsburgh,PA
 1276 Benton Ave Brighton Heights,15212,40.484693,-80.0355244,Pittsburgh,PA
 2812 Shadeland Ave North Side,15212,40.4702864,-80.0302693,Pittsburgh,PA
 3639 California Ave Brighton Heights,15212,40.481272,-80.041641,Pittsburgh,PA
 1223 Woods Run Ave North Side,15212,40.4763098,-80.0311303,Pittsburgh,PA
 3853 California Ave Brighton Heights,15212,40.4851129,-80.0416964,Pittsburgh,PA
 3627 California Ave Brighton Heights,15212,40.4810675,-80.0413982,Pittsburgh,PA
 745 Maginn St North Side,15214,40.467753,-80.018367,Pittsburgh,PA
 3912 Perrysville Ave Observatory Hill,15214,40.4899802,-80.0182188,Pittsburgh,PA
 1000 Banksville Rd Banksville,15216,40.4217207,-80.0297402,Pittsburgh,PA
 3055 W Liberty Ave Dormont,15216,40.3918307,-80.037748,Pittsburgh,PA
 1439 Potomac Ave Dormont,15216,40.3959965,-80.0350383,Pittsburgh,PA
 2904 W Liberty Ave Dormont,15216,40.3950801,-80.0346598,Pittsburgh,PA
 3116 Banksville Rd Banksville,15216,40.4003873,-80.0440153,Pittsburgh,PA
 2895 W Liberty Ave Dormont,15216,40.3948144,-80.034142,Pittsburgh,PA
 2892 W Liberty Ave Dormont,15216,40.3953119,-80.0343,Pittsburgh,PA
 1701 Banksville Rd Banksville,15216,40.409199,-80.031761,Pittsburgh,PA
 3125 Banksville Rd Dormont,15216,40.3996765,-80.0434133,Pittsburgh,PA
 3099 Banksville Rd Banksville,15216,40.3992789,-80.0445647,Pittsburgh,PA
 1602 Potomac Ave Dormont,15216,40.3977416,-80.0361378,Pittsburgh,PA
 801 Brookline Blvd Brookline,15226,40.393858,-80.019631,Pittsburgh,PA
 299 Beverly Rd Mount,15216,40.388732,-80.0496341,Mount Lebanon,PA
 1648 Broadway Ave Beechview,15216,40.409125,-80.024957,Pittsburgh,PA
 297 Beverly Rd,15216,40.3885629,-80.0493898,Pittsburgh,PA
 300 Beverly Rd,15216,40.38892,-80.049921,Pittsburgh,PA
 1413 Potomac Ave Dormont,15216,40.395289,-80.0348997,Pittsburgh,PA
 2937 W Liberty Ave Dormont,15216,40.3942666,-80.0350906,Pittsburgh,PA
 2937 W Liberty Ave Dormont,15216,40.3942666,-80.0350906,Pittsburgh,PA
 1419 Potomac Ave Dormont,15216,40.3953847,-80.0349637,Pittsburgh,PA
 1150 Banksville Road Banksville,15216,40.4193308,-80.0302799,Pittsburgh,PA
 1473 Banksville Rd Banksville,15216,40.4127159,-80.0303354,Pittsburgh,PA
 293 Beverly Rd,15216,40.3886283,-80.0492732,Pittsburgh,PA
 311 Beverly Rd,15216,40.3884145,-80.0498073,Pittsburgh,PA
 3040 Banksville Rd Banksville,15216,40.4010646,-80.0434725,Pittsburgh,PA
 2999 W Liberty Ave Dormont,15216,40.3930433,-80.0366408,Pittsburgh,PA
 2874 W Liberty Ave Dormont,15216,40.3957953,-80.0335782,Pittsburgh,PA
 1691 McFarland Rd Dormont,15216,40.3959782,-80.0464983,Pittsburgh,PA
 Stephen Foster Memorial 4301 Forbes Ave Oakland,15260,40.443213,-79.9534393,Pittsburgh,PA
 3109 W Liberty Ave Dormont,15216,40.390935,-80.039142,Pittsburgh,PA
 951 Banksville Rd Beechview,15216,40.4221525,-80.0293603,Pittsburgh,PA
 3239 W Liberty Ave Dormont,15216,40.3897336,-80.0409102,Pittsburgh,PA
 1608 Potomac Ave Dormont,15216,40.397846,-80.036197,Pittsburgh,PA
 2900 W Liberty Ave Dormont,15216,40.3951265,-80.0345506,Dormont,PA
 1430 Potomac Ave Dormont,15216,40.396012,-80.034727,Pittsburgh,PA
 1509 Potomac Ave Dormont,15216,40.3966306,-80.0357966,Pittsburgh,PA
 309 Beverly Rd,15216,40.388395,-80.049821,Pittsburgh,PA
 1503 Potomac Ave Dormont,15216,40.3965335,-80.0354468,Pittsburgh,PA
 1150 Banksville Rd Banksville,15216,40.420335,-80.030114,Pittsburgh,PA
 1150 Banksville Rd Banksville,15216,40.420335,-80.030114,Pittsburgh,PA
 1378 Banksville Rd Banksville,15216,40.414716,-80.03063,Pittsburgh,PA
 1616 Broadway Ave Beechview,15216,40.4100066,-80.0249876,Pittsburgh,PA
 307 Beverly Rd,15216,40.3886105,-80.0499034,Pittsburgh,PA
 303 Beverly Rd,15216,40.388527,-80.0495449,Pittsburgh,PA
 2961 W Liberty Ave Dormont,15216,40.393828,-80.0351994,Pittsburgh,PA
 1685 McFarland Rd,15216,40.395691,-80.04689,Pittsburgh,PA
 301 Beverly Rd,15216,40.388507,-80.049572,Pittsburgh,PA
 3143 Banksville Ave Banksville Plaza Dormont,15216,40.399457,-80.043683,Pittsburgh,PA
 297 Beverly Rd,15216,40.3885629,-80.0493898,Pittsburgh,PA
 2515 Banksville Rd Banksville,15216,40.4058093,-80.0359803,Pittsburgh,PA
 2858 Banksville Rd Banksville,15216,40.4045575,-80.0398906,Pittsburgh,PA
 1200 S Braddock Ave,15218,40.4315631,-79.8933854,Pittsburgh,PA
 1118 S Braddock Ave,15218,40.432022,-79.893834,Pittsburgh,PA
 1700 Monongahela Ave,15218,40.4233755,-79.8914638,Pittsburgh,PA
 1104 S Braddock Ave,15218,40.432478,-79.894158,Pittsburgh,PA
 7034 Blackhawk St,15218,40.4213571,-79.8975426,Pittsburgh,PA
 1106 S Braddock Ave,15218,40.4325271,-79.8939064,Pittsburgh,PA
 1789 South Braddock Ave Suite 110,15218,40.424097346,-79.8871848732,Pittsburgh,PA
 1100 S Braddock Ave,15218,40.432599,-79.894243,Pittsburgh,PA
 1039 S Braddock Ave,15218,40.43333,-79.894049,Pittsburgh,PA
 1111 S Braddock Ave,15218,40.4324337,-79.8937358,Pittsburgh,PA
 1603 S Braddock Ave,15218,40.427135,-79.890649,Pittsburgh,PA
 1108 S Braddock Ave,15218,40.4323844,-79.8939504,Pittsburgh,PA
 102 E Swissvale Ave,15218,40.4331234,-79.8845347,Pittsburgh,PA
 1918 Monongahela Ave,15218,40.421259,-79.890285,Pittsburgh,PA
 7544 Roslyn St,15218,40.420051,-79.884467,Pittsburgh,PA
 1671 Monongahela Ave,15218,40.4245715,-79.8910195,Pittsburgh,PA
 7400 Church St,15218,40.422307,-79.8893217,Swissvale,PA
 2122 Monongahela Ave,15218,40.4175696,-79.8879525,Pittsburgh,PA
 7520 Washington St,15218,40.4209717,-79.886521,Swissvale,PA
 1705 S Braddock Ave,15218,40.425271,-79.888584,Pittsburgh,PA
 1703 S Braddock Ave,15218,40.42523807,-79.8883623271,Pittsburgh,PA
 1775 S Braddock Ave,15218,40.4281941664,-79.8857116699,Pittsburgh,PA
 1 Pennwood Ave,15218,40.4322672,-79.8852288,Pittsburgh,PA
 6314 Forbes Ave Squirrel Hill,15217,40.4377696,-79.9186334,Pittsburgh,PA
 1121 S Braddock Ave,15218,40.4321996,-79.8933256,Pittsburgh,PA
 Edgwd Towne Ctr,15218,40.4273028,-79.8886844,Pittsburgh,PA
 1600 S Braddock Ave,15218,40.426722,-79.8906283,Pittsburgh,PA
 2100 Greentree Rd,15220,40.392287,-80.070269,Pittsburgh,PA
 Scott Towne Center 2101 Greentree Rd,15220,40.3906976,-80.070806,Pittsburgh,PA
 1984 Green Tree,0,40.3954394,-80.0657414,Pittsburgh,PA
 1960 Greentree Rd,15220,40.3938064,-80.0659731,Pittsburgh,PA
 1608 Cochran Rd,15220,40.3915059,-80.0594902,Pittsburgh,PA
 1717 Cochran Rd,15220,40.3923379,-80.0662223,Pittsburgh,PA
 1079 Greentree Rd Greentree,15220,40.4114165,-80.0457313,Pittsburgh,PA
 1910 Cochran Rd,15220,40.3932957,-80.0656653,Pittsburgh,PA
 1717 Cochran Rd,15220,40.3923379,-80.0662223,Pittsburgh,PA
 2010 Greentree Rd,15220,40.3936815,-80.0659157,Pittsburgh,PA
 2000 Greentree Rd,15220,40.3941132,-80.0667601,Pittsburgh,PA
 1660 Cochran Rd,15220,40.392802,-80.062098,Pittsburgh,PA
 1644 Cochran Rd,15220,40.392551,-80.061579,Pittsburgh,PA
 1910 Cochran Rd Ste 210,15220,40.3940541213,-80.0624700578,Pittsburgh,PA
 1717 Cochran Rd,15220,40.3923379,-80.0662223,Pittsburgh,PA
 1717 Cochran Rd,15220,40.3923379,-80.0662223,Pittsburgh,PA
 1900 Greentree Rd,15220,40.395932,-80.067397,Pittsburgh,PA
 713 Chartiers Ave West End,15220,40.4413609,-80.0382148,Pittsburgh,PA
 900 Parish St Greentree,15220,40.4280397,-80.0435444,Pittsburgh,PA
 1006 Greentree Rd Greentree,15220,40.4168479,-80.0453929,Pittsburgh,PA
 412 Greentree Rd West End,15220,40.4356718,-80.0340934,Pittsburgh,PA
 333 Mansfield Ave Greentree,15220,40.4210420362,-80.0501069554,Pittsburgh,PA
 1178 Steuben St Crafton Heights,15220,40.441776,-80.047466,Pittsburgh,PA
 875 Greentree Rd Greentree,15220,40.4244926,-80.0416254,Pittsburgh,PA
 1165 McKinney Ln West End,15220,40.4224622,-80.0356006,Pittsburgh,PA
 875 Greentree Rd Ste 2 Greentree,15220,40.4244926,-80.0416254,Pittsburgh,PA
 971 Greentree Road Greentree,15220,40.4198341,-80.0456525,Pittsburgh,PA
 875 Greentree Rd Greentree,15220,40.4244987,-80.0415536,Pittsburgh,PA
 401 Holiday Drive Greentree,15220,40.420382,-80.0565098,Pittsburgh,PA
 978 Greentree Rd Greentree,15220,40.418092,-80.0460082,Pittsburgh,PA
 979 Greentree Rd Greentree,15220,40.4184713,-80.0454038,Pittsburgh,PA
 7 Market Sq Downtown,15222,40.440177,-80.0021399,Pittsburgh,PA
 530 William Penn Pl Downtown,15219,40.440592,-79.996589,Pittsburgh,PA
 256 5th Ave Downtown,15222,40.440677,-80.000657,Pittsburgh,PA
 5932 Penn Cir S Ste B301 Shadyside,15206,40.4585236344,-79.9292063713,Pittsburgh,PA
 401 Wood St Downtown,15222,40.439597,-80.00141,Pittsburgh,PA
 203 Federal St North Side,15212,40.4483207,-80.0043186,Pittsburgh,PA
 1001 Liberty Ave Downtown,15222,40.4441681,-79.994852,Pittsburgh,PA
 2627 Penn Ave Strip District,15222,40.455575,-79.9779889,Pittsburgh,PA
 123 7th St Downtown,15222,40.4439388,-80.0006057,Pittsburgh,PA
 901 Penn Avenue,15221,40.4424557,-79.8802658,Wilkinsburg,PA
 140 6th St Downtown,15222,40.4429033,-80.0025614,Pittsburgh,PA
 1901 Penn Ave Strip District,15222,40.450964,-79.984628,Pittsburgh,PA
 345 6th Ave Shadyside,15222,40.458139,-79.928437,Pittsburgh,PA
 202 Stanwix St Downtown,15222,40.439652,-80.004357,Pittsburgh,PA
 100 24th St Strip District,15222,40.4540368,-79.9814643,Pittsburgh,PA
 1727 Penn Ave Strip District,15222,40.4503157,-79.9854415,Pittsburgh,PA
 625 Stanwix St Downtown,15222,40.4432268,-80.0048354,Pittsburgh,PA
 2800 Penn Ave Strip District,15222,40.4568643,-79.975173,Pittsburgh,PA
 2 Market Sq Downtown,15222,40.440287,-80.002585,Pittsburgh,PA
 305 7th Ave Carnegie,15222,40.4077836,-80.0930463,Pittsburgh,PA
 608 Wood St Downtown,15222,40.4422917,-79.9989455,Pittsburgh,PA
 2023 Penn Ave Strip District,15222,40.4514856,-79.9834035,Pittsburgh,PA
 1904 Penn Ave Strip District,15222,40.4505899,-79.9842832,Pittsburgh,PA
 527 Smithfield St Downtown,15222,40.441217,-79.998244,Pittsburgh,PA
 23 Market Sq Downtown,15222,40.441253,-80.0030696,Pittsburgh,PA
 133 6th St Downtown,15222,40.4432077,-80.0021285,Pittsburgh,PA
 429 Smithfield St Downtown,15222,40.4394231,-79.9994183,Pittsburgh,PA
 1001 Liberty Ave Downtown,15222,40.4442087,-79.9946687,Pittsburgh,PA
 4 Market Sq Downtown,15222,40.4400655,-80.0025144,Pittsburgh,PA
 130 6th St Downtown,15222,40.4432466658,-80.0022544159,Pittsburgh,PA
 2601 Smallman St Strip District,15222,40.455916,-79.979271,Pittsburgh,PA
 2503 Penn Ave Strip District,15222,40.4542069,-79.979898,Pittsburgh,PA
 2100 Smallman St Strip District,15222,40.4521682,-79.9844421,Pittsburgh,PA
 625 Liberty Ave Ste 180 Downtown,15222,40.442533,-80.000855,Pittsburgh,PA
 1735 Penn Ave Strip District,15222,40.4504367,-79.9852163,Pittsburgh,PA
 603 Stanwix St Downtown,15222,40.442222,-80.0044807,Pittsburgh,PA
 817 Liberty Ave Suite J Downtown,15222,40.4430745,-79.9984351,Pittsburgh,PA
 535 Smithfield St Oliver Bldg Downtown,15222,40.4413521,-79.9980174,Pittsburgh,PA
 1100 Liberty Ave Downtown,15222,40.4442424,-79.9924126,Pittsburgh,PA
 513 Smithfield St Downtown,15222,40.4405077,-79.9983742,Pittsburgh,PA
 707 Grant St Downtown,15219,40.442582,-79.995221,Pittsburgh,PA
 433 Wood St Downtown,15222,40.4403955,-80.0010018,Pittsburgh,PA
 2425 Liberty Ave. Strip District,15222,40.4533022,-79.9796419,Pittsburgh,PA
 2549 Penn Ave Strip District,15222,40.4549474,-79.9787412,Pittsburgh,PA
 12 Smithfield St Downtown,15222,40.436969,-80.0004543,Pittsburgh,PA
 205 21st St Strip District,15222,40.4514869,-79.9828538,Pittsburgh,PA
 1740 Eckert St. North Side,15212,40.471965,-80.037607,Pittsburgh,PA
 300 Forbes Ave Downtown,15222,40.4400691,-80.0007903,Pittsburgh,PA
 719 Liberty Ave Downtown,15222,40.4430419,-79.9986943,Pittsburgh,PA
 5th Avenue Pl Downtown,15222,40.441944,-80.003333,Pittsburgh,PA
 20 Stanwix St Downtown,15222,40.43866,-80.005135,Pittsburgh,PA
 1649 Penn Ave Strip District,15222,40.449767,-79.986418,Pittsburgh,PA
 Investment Bldg 239 4th,0,40.4397214839,-80.0013742593,Pittsburgh,PA
 2650 Penn Ave Strip District,15222,40.4556762,-79.9770197,Pittsburgh,PA
 441 Smithfield St Downtown,15222,40.4395902449,-79.9992012978,Pittsburgh,PA
 639 Smithfield St Downtown,15222,40.442558,-79.997214,Pittsburgh,PA
 612 Smithfield St Downtown,15222,40.4417491,-79.9971122,Pittsburgh,PA
 1001 Liberty Ave Downtown,15222,40.4442087,-79.9946687,Pittsburgh,PA
 2115 Penn Ave Strip District,15222,40.4521267,-79.982872,Pittsburgh,PA
 223 4th Ave Downtown,15222,40.4398452,-80.0021166,Pittsburgh,PA
 1711 Penn Ave Strip District,15222,40.450111,-79.9858749,Pittsburgh,PA
 1642 Penn Ave Strip District,15222,40.4493873,-79.9861731,Pittsburgh,PA
 1241 Penn Ave Strip District,15222,40.4464777,-79.9916741,Pittsburgh,PA
 621 Penn Ave Downtown,15222,40.4431259036,-80.0015651596,Pittsburgh,PA
 650 Smithfield St Ste 2200 Downtown,15222,40.442483,-79.996695,Pittsburgh,PA
 2825 Penn Ave Strip District,15222,40.4574609,-79.9750607,Pittsburgh,PA
 100 Waterfront Dr,15222,40.4634021,-79.9776298,Pittsburgh,PA
 355 5th Ave Ste 1325 Downtown,15222,40.4404547043,-79.9996324569,Pittsburgh,PA
 2124 Penn Ave Strip District,15222,40.4520089,-79.982244,Pittsburgh,PA
 1808 Penn Ave Strip District,15222,40.4504428,-79.9844821,Pittsburgh,PA
 23 Market Sq 2nd Fl Downtown,15222,40.441253,-80.0030696,Pittsburgh,PA
 604 Wood St Downtown,15222,40.4421708,-79.9990003,Pittsburgh,PA
 139 7th St Downtown,15222,40.443577,-80.000162,Pittsburgh,PA
 1100 Liberty Ave Ste 1017 Downtown,15222,40.4442424,-79.9924126,Pittsburgh,PA
 120 5th Ave Ste 2 Downtown,15222,40.441888,-80.003443,Pittsburgh,PA
 717 Liberty Ave Ste 209 Downtown,15222,40.4427705,-79.9994015,Pittsburgh,PA
 606 Liberty Ave Downtown,15222,40.441787,-80.001354,Pittsburgh,PA
 628 Smithfield St Downtown,15222,40.4421419,-79.996955,Pittsburgh,PA
 609 Penn Ave Ste 203 Downtown,15222,40.4428269,-80.0017988,Pittsburgh,PA
 6 PPG Pl Downtown,15222,40.4394267,-80.0038037,Pittsburgh,PA
 545 Liberty Ave Downtown,15222,40.4419779,-80.0023303,Pittsburgh,PA
 304 Forbes Ave Downtown,15222,40.4398848,-80.0005823,Pittsburgh,PA
 115 Smithfield St Downtown,15222,40.4377199,-80.0004755,Pittsburgh,PA
 212 Blvd of the Allies Downtown,15222,40.4389116,-80.0032374,Pittsburgh,PA
 969 Liberty Ave Downtown,15222,40.443774,-79.995567,Pittsburgh,PA
 965 Liberty Ave Downtown,15222,40.4437866,-79.9957155,Pittsburgh,PA
 2101 Penn Ave Strip District,15222,40.4519376,-79.9831293,Pittsburgh,PA
 3 Ppg Pl Downtown,15222,40.440125,-80.0026889,Pittsburgh,PA
 1809 Penn Ave Strip District,15222,40.4507487,-79.9848259,Pittsburgh,PA
 2801 Penn Ave Strip District,15222,40.4570498,-79.9756514,Pittsburgh,PA
 2 Gateway Ctr Downtown,15222,40.4423828266,-80.0046622753,Pittsburgh,PA
 945 Penn Ave Downtown,15222,40.4443613,-79.9965067,Pittsburgh,PA
 2840 Smallman St Strip District,15222,40.4582377,-79.97509,Pittsburgh,PA
 703 Liberty Ave Downtown,15222,40.4427514,-79.9997098,Pittsburgh,PA
 2835 Smallman St Strip District,15222,40.458304,-79.975791,Pittsburgh,PA
 719 Liberty Ave Downtown,15222,40.4430419,-79.9986943,Pittsburgh,PA
 321E 7th Ave Homestead,15120,40.4037481,-79.9166814,Homestead,PA
 630 Stanwix St Downtown,15222,40.4431765,-80.0042813,Pittsburgh,PA
 957 Liberty Ave Downtown,15222,40.4434132,-79.9961509,Pittsburgh,PA
 24 Market Sq Downtown,15222,40.441207,-80.0031108,Pittsburgh,PA
 1736 Penn Ave Strip District,15222,40.4502241,-79.9847785,Pittsburgh,PA
 626 Smithfield St Downtown,15222,40.4422344518,-79.9971354078,Pittsburgh,PA
 420 Smithfield St Downtown,15222,40.439202,-79.9989485,Pittsburgh,PA
 320 6th Ave Downtown,15222,40.441564,-79.999013,Pittsburgh,PA
 949 Liberty Ave Downtown,15222,40.4436238,-79.9963285,Pittsburgh,PA
 2005 Penn Ave Strip District,15222,40.4514312,-79.983917,Pittsburgh,PA
 601 Wood St Downtown,15222,40.4423378,-79.999571,Pittsburgh,PA
 1100 Liberty Ave Downtown,15222,40.4442424,-79.9924126,Pittsburgh,PA
 525 Penn Ave Downtown,15222,40.4428479,-80.0031124,Pittsburgh,PA
 923 Penn Ave Downtown,15222,40.444221,-79.997341,Pittsburgh,PA
 2020 Penn Ave Strip District,15222,40.4512257,-79.9833014,Pittsburgh,PA
 119 Forbes Ave Downtown,15222,40.4410371,-80.0032181,Pittsburgh,PA
 1645 Penn Ave Strip District,15222,40.4496627,-79.986549,Pittsburgh,PA
 2010-12 Penn Ave Strip District,15222,40.4512014,-79.9834072,Pittsburgh,PA
 809 Liberty Ave Downtown,15222,40.4429498,-79.9986476,Pittsburgh,PA
 2 Gateway Ctr Strip District,15222,40.4475255,-79.9933976,Pittsburgh,PA
 2205 Penn Ave Strip District,15222,40.452545,-79.982331,Pittsburgh,PA
 400 Smithfield St Downtown,15222,40.4387143,-79.9994904,Pittsburgh,PA
 1719 Penn Ave Strip District,15222,40.450211,-79.98572,Pittsburgh,PA
 1400 Smallman St Strip District,15222,40.4484631,-79.9894086,Pittsburgh,PA
 1400 Smallman St Strip District,15222,40.4484631,-79.9894086,Pittsburgh,PA
 219 4th Ave Downtown,15222,40.4398391119,-80.0028862632,Pittsburgh,PA
 1721 Penn Ave Strip District,15222,40.450237,-79.985665,Pittsburgh,PA
 107 6th St Downtown,15222,40.4438005,-80.0023331,Pittsburgh,PA
 1000 Fort Duquesne Blvd Downtown,15222,40.4458133275,-79.9962221769,Pittsburgh,PA
 1000 Penn Ave Downtown,15222,40.4441681,-79.994852,Pittsburgh,PA
 20 Market Sq Downtown,15222,40.4410134,-80.0019815,Pittsburgh,PA
 823 Penn Ave Downtown,15222,40.44389,-79.9985899,Pittsburgh,PA
 931 Liberty Ave Downtown,15222,40.4434471,-79.9969003,Pittsburgh,PA
 2329 Penn Ave Strip District,15222,40.4534271,-79.9809286,Pittsburgh,PA
 210 6th Ave Downtown,15222,40.4421081994,-80.0016406431,Pittsburgh,PA
 2120 Penn Ave Strip District,15222,40.4519288,-79.9824216,Pittsburgh,PA
 339 6th Ave Downtown,15222,40.4417284,-79.9979569,Pittsburgh,PA
 124 6th St Downtown,15222,40.4432622,-80.0026232,Pittsburgh,PA
 10 Market St Downtown,15222,40.4380683,-80.0043039,Pittsburgh,PA
 222 1st St Aspinwall,15215,40.4905179,-79.9040162,Aspinwall,PA
 4765 Liberty Ave Bloomfield,15224,40.4610792,-79.9479205,Pittsburgh,PA
 4931 Penn Ave Garfield,15224,40.4653779,-79.9440106,Pittsburgh,PA
 5123 Penn Ave Garfield,15224,40.465036,-79.9418579,Pittsburgh,PA
 4911 Penn Ave Garfield,15224,40.4654547,-79.9447111,Pittsburgh,PA
 4506 Liberty Ave Bloomfield,15224,40.462831,-79.9516804,Pittsburgh,PA
 4042 Liberty Ave Bloomfield,15224,40.4627971,-79.9556863,Pittsburgh,PA
 5242 Baum Blvd Bloomfield,15224,40.456227,-79.940241,Pittsburgh,PA
 4526 Liberty Ave Bloomfield,15224,40.462501,-79.9511556,Pittsburgh,PA
 4763 Liberty Ave Bloomfield,15224,40.4611862,-79.9477047,Pittsburgh,PA
 4766 Liberty Ave Bloomfield,15224,40.4608026,-79.9479065,Pittsburgh,PA
 5003 Penn Ave Garfield,15224,40.4653251,-79.943809,Pittsburgh,PA
 4109 Penn Ave Lawrenceville,15224,40.4659283,-79.9548907,Pittsburgh,PA
 4720 Liberty Ave Bloomfield,15224,40.4615624,-79.9493611,Pittsburgh,PA
 4512 Liberty Ave Bloomfield,15224,40.4626986,-79.9515229,Pittsburgh,PA
 4751 Liberty Ave Bloomfield,15224,40.461577,-79.948254,Pittsburgh,PA
 5147 Penn Ave Garfield,15224,40.4649763,-79.9412031,Pittsburgh,PA
 4917 Penn Ave Garfield,15224,40.4653958,-79.9445114,Pittsburgh,PA
 5170 Liberty Ave Bloomfield,15224,40.457409,-79.941738,Pittsburgh,PA
 237 Cedarville St Bloomfield,15224,40.4618603,-79.948546,Pittsburgh,PA
 4761 Liberty Ave Bloomfield,15224,40.461366,-79.947807,Pittsburgh,PA
 4755 Liberty Ave Bloomfield,15224,40.4614622,-79.9481741,Pittsburgh,PA
 5151 Woodworth St Bloomfield,15224,40.4561976,-79.9435155,Pittsburgh,PA
 4320 Penn Ave Bloomfield,15224,40.4657149,-79.953504,Pittsburgh,PA
 4776 Liberty Ave Bloomfield,15224,40.4606591,-79.9475978,Pittsburgh,PA
 178 Pearl St Bloomfield,15224,40.4636708,-79.948991,Pittsburgh,PA
 4711 Liberty Ave Bloomfield,15224,40.4620697,-79.9493553,Pittsburgh,PA
 4741 Liberty Ave Bloomfield,15224,40.461657,-79.94854,Pittsburgh,PA
 4608 Liberty Ave Bloomfield,15224,40.4622409,-79.9506886,Pittsburgh,PA
 4744 Liberty Ave Bloomfield,15224,40.4611146,-79.9485427,Pittsburgh,PA
 4050 Penn Ave Bloomfield,15224,40.4653036,-79.9559332,Pittsburgh,PA
 4723 Liberty Ave Bloomfield,15224,40.4619134,-79.9490101,Pittsburgh,PA
 5221 Baum Blvd Bloomfield,15224,40.45639,-79.941311,Pittsburgh,PA
 4727 Liberty Ave Bloomfield,15224,40.4616024,-79.948922,Pittsburgh,PA
 4786 Liberty Ave Bloomfield,15224,40.4606393,-79.9471799,Pittsburgh,PA
 4601 Liberty Ave Bloomfield,15224,40.4627572,-79.9506735,Pittsburgh,PA
 4114 Main St Bloomfield,15224,40.465157,-79.9547682,Pittsburgh,PA
 4301 Main St Bloomfield,15224,40.4639651,-79.9528929,Pittsburgh,PA
 4729 Liberty Ave Bloomfield,15224,40.461739,-79.9486639,Pittsburgh,PA
 4424 Penn Ave Ste 101 Bloomfield,15224,40.4659206,-79.9526441,Pittsburgh,PA
 4822 Liberty Ave Bloomfield,15224,40.4599796,-79.9464503,Pittsburgh,PA
 5308 Liberty Ave Bloomfield,15224,40.4560895,-79.9396789,Pittsburgh,PA
 4210 Main St Bloomfield,15224,40.4646964,-79.9541448,Pittsburgh,PA
 5135 Liberty Ave Bloomfield,15224,40.458267,-79.942274,Pittsburgh,PA
 5200 Baum Blvd Bloomfield,15224,40.4555475,-79.9415246,Pittsburgh,PA
 4760 Liberty Ave Bloomfield,15224,40.460845,-79.948054,Pittsburgh,PA
 5125 Baum Blvd Bloomfield,15224,40.455879,-79.942929,Pittsburgh,PA
 4617 Liberty Ave Bloomfield,15224,40.4625543,-79.950173,Pittsburgh,PA
 4613 Liberty Ave Bloomfield,15224,40.462632,-79.950246,Pittsburgh,PA
 5104 Liberty Ave Bloomfield,15224,40.458394,-79.9436629,Pittsburgh,PA
 4067 Penn Ave Bloomfield,15224,40.4655702,-79.9557489,Pittsburgh,PA
 4627 Liberty Ave Bloomfield,15224,40.4625496053,-79.9497600693,Pittsburgh,PA
 103 Capital Ave Beechview,15226,40.405245,-80.018538,Pittsburgh,PA
 2020 W Liberty Ave Beechview,15226,40.4036795,-80.0201139,Pittsburgh,PA
 890 Saw Mill Run Blvd Bon Air,15226,40.4107462,-80.0064634,Brookline,PA
 300 Hargrove St Mt. Washington,15226,40.414428,-80.011614,Pittsburgh,PA
 1011 Brookline Blvd Brookline,15226,40.3919796,-80.0173011,Pittsburgh,PA
 546 Brookline Blvd Brookline,15226,40.395242,-80.022591,Pittsburgh,PA
 500 Brookline Blvd Brookline,15226,40.3956422,-80.0236114,Pittsburgh,PA
 530 Brookline Blvd Brookline,15226,40.3955323,-80.0228158,Pittsburgh,PA
 620 Brookline Blvd Brookline,15226,40.3949279,-80.0220174,Pittsburgh,PA
 706 Brookline Blvd Brookline,15226,40.394482,-80.021538,Pittsburgh,PA
 437 McNeilly Rd,15226,40.3830261,-80.0153449,Pittsburgh,PA
 2600 Pioneer Ave Brookline,15226,40.395822,-80.024214,Pittsburgh,PA
 2410 W Liberty Ave Beechview,15226,40.4002649,-80.0241505,Pittsburgh,PA
 430 Fernhill Ave Brookline,15226,40.400763,-80.013526,Pittsburgh,PA
 2500 W Liberty Ave Beechview,15226,40.399184,-80.025491,Pittsburgh,PA
 2518 W Liberty Ave Beechview,15226,40.3988343,-80.026459,Pittsburgh,PA
 956 Brookline Blvd Brookline,15226,40.391756,-80.017768,Pittsburgh,PA
 437 McNeilly Rd,15226,40.3830261,-80.0153449,Pittsburgh,PA
 1 Poplar St Greentree,15205,40.4273917,-80.0533614,Pittsburgh,PA
 429 Cochran Rd,15228,40.384323,-80.052708,Pittsburgh,PA
 715 Washington Rd,15228,40.3796549065,-80.0448643438,Pittsburgh,PA
 1500 Washington Rd,15228,40.357213,-80.0520951,Pittsburgh,PA
 731 Washington Rd # 733,15228,40.3791169,-80.0449747,Pittsburgh,PA
 719 Washington Rd Mount,15228,40.3795262,-80.0447946,Mount Lebanon,PA
 450 Cochran Rd,15228,40.3831836,-80.0528715,Pittsburgh,PA
 701 Washington Rd,15228,40.3804062,-80.0442629,Pittsburgh,PA
 703 Washington Rd,15228,40.380192,-80.044459,Pittsburgh,PA
 636 Washington Rd,15228,40.3818121,-80.0444905,Pittsburgh,PA
 713 Washington Rd,15228,40.3798256,-80.0446104,Pittsburgh,PA
 642 Washington Rd,15228,40.3816639,-80.0446438,Pittsburgh,PA
 1500 Washington Rd Mount,15228,40.3573572094,-80.0519013405,Mount Lebanon,PA
 16 Castle Shannon Blvd,15228,40.377009,-80.045264,Pittsburgh,PA
 2975 W Liberty Ave Dormont,15216,40.3934689,-80.0361527,Pittsburgh,PA
 689 Washington Rd,15228,40.3808316,-80.0441815,Pittsburgh,PA
 1500 Washington Rd Ste 1205,15228,40.357213,-80.0520951,Pittsburgh,PA
 622 Washington Rd,15228,40.3821568,-80.0441272,Pittsburgh,PA
 1500 Washington Rd,15228,40.357213,-80.0520951,Pittsburgh,PA
 Galleria At S Pt,15228,40.356473,-80.052131,Pittsburgh,PA
 600 Washington Rd,15228,40.3829391,-80.0447435,Pittsburgh,PA
 4 Bower Hill Rd,15228,40.3870288,-80.0440382,Pittsburgh,PA
 713 Washington Rd,15228,40.3798256,-80.0446104,Pittsburgh,PA
 1500 Washington Rd,15228,40.3569591,-80.0518073,Pittsburgh,PA
 725 Washington Rd,15228,40.3794143,-80.0448876,Pittsburgh,PA
 650 Washington Rd Mount,15228,40.3813464,-80.0443074,Mount Lebanon,PA
 Mt. Lebanon Mall 1500 Washington Rd,15228,40.357213,-80.0520951,Pittsburgh,PA
 697 Washington Rd,15228,40.380266,-80.0444443,Pittsburgh,PA
 20 Cedar Blvd Ste 301,15228,40.38177,-80.045186,Pittsburgh,PA
 659 Washington Rd,15228,40.425229,-79.8652495,Pittsburgh,PA
 328 Cochran Rd,15228,40.3824862,-80.0519358,Pittsburgh,PA
 1500 Washington Rd,15228,40.357213,-80.0520951,Pittsburgh,PA
 723 Washington Rd,15228,40.3794574,-80.0448109,Pittsburgh,PA
 300 Hazel Dr,15228,40.373557,-80.0403259,Pittsburgh,PA
 700 Connor Rd,15228,40.3548196215,-80.0487643194,Pittsburgh,PA
 1679 Washington Rd,15228,40.3523347,-80.0502414,Pittsburgh,PA
 5502 Walnut St Shadyside,15232,40.4511586,-79.9337595,Pittsburgh,PA
 5524 Walnut St Shadyside,15232,40.4513477,-79.9327682,Pittsburgh,PA
 5859 Ellsworth Ave Shadyside,15232,40.4575541,-79.9290894,Pittsburgh,PA
 5850 Ellsworth Ave Shadyside,15232,40.456746,-79.9294479,Pittsburgh,PA
 5850 Ellsworth Ave Shadyside,15232,40.4567693,-79.9292802,Pittsburgh,PA
 5743 Walnut St Shadyside,15232,40.4524688,-79.9296937,Pittsburgh,PA
 5847 Ellsworth Ave Shadyside,15232,40.4571033,-79.9296345,Pittsburgh,PA
 5844 Ellsworth Ave Shadyside,15232,40.4566552,-79.9299317,Pittsburgh,PA
 5847 Ellsworth Ave Shadyside,15232,40.4571033,-79.9296345,Pittsburgh,PA
 5825 Ellsworth Ave Shadyside,15232,40.456737,-79.9301601,Pittsburgh,PA
 5747 Ellsworth Ave Shadyside,15232,40.455955,-79.931338,Pittsburgh,PA
 5892 Ellsworth Ave Shadyside,15232,40.4580184,-79.9275787,Pittsburgh,PA
 5857 Ellsworth Ave Shadyside,15232,40.4573811,-79.9289548,Pittsburgh,PA
 5739 1/2 Walnut St Shadyside,15232,40.452847,-79.9291586,Pittsburgh,PA
 5608 Walnut St Shadyside,15232,40.451566,-79.931741,Pittsburgh,PA
 5405 5th Ave Shadyside,15232,40.4486860521,-79.9339957288,Pittsburgh,PA
 5533 Walnut St Shadyside,15232,40.4516538606,-79.9327178369,Pittsburgh,PA
 5734 Ellsworth Ave Shadyside,15232,40.4555861,-79.9313089,Pittsburgh,PA
 5404 Centre Ave Shadyside,15232,40.4558761,-79.9381788,Pittsburgh,PA
 739 Bellefonte St Shadyside,15232,40.4514452209,-79.9337325513,Pittsburgh,PA
 5431 Walnut St Shadyside,15232,40.45109,-79.9343681,Pittsburgh,PA
 5525 Walnut St Shadyside,15232,40.451668,-79.932915,Pittsburgh,PA
 5541 Walnut St Shadyside,15232,40.451832,-79.932424,Pittsburgh,PA
 806 S Aiken Ave Shadyside,15232,40.4507424,-79.9357149,Pittsburgh,PA
 5419 Walnut St Shadyside,15232,40.4509532,-79.9349372,Pittsburgh,PA
 5500 Walnut St Shadyside,15232,40.4508247,-79.9334641,Pittsburgh,PA
 532 S Aiken Ave Ste 520 Shadyside,15232,40.4545191,-79.9384786,Pittsburgh,PA
 5522 Walnut St Shadyside,15232,40.4511684,-79.9327743,Pittsburgh,PA
 703 S Negley Ave Shadyside,15232,40.453359,-79.931454,Pittsburgh,PA
 5744 Ellsworth Ave Shadyside,15232,40.4555983,-79.9310675,Pittsburgh,PA
 5855 Ellsworth Ave Shadyside,15232,40.4576326,-79.9292859,Pittsburgh,PA
 5741 Ellsworth Ave Shadyside,15232,40.455763,-79.931512,Pittsburgh,PA
 580 S Aiken Ave Shadyside,0,40.4534395,-79.9375258,Pittsburgh,PA
 5550 Centre Ave Shadyside,15232,40.4563396,-79.9346032,Pittsburgh,PA
 5430 Centre Ave Shadyside,15232,40.4559349,-79.937173,Pittsburgh,PA
 5421 Walnut St Shadyside,15232,40.4510796,-79.9345209,Pittsburgh,PA
 5542 Walnut St Shadyside,15232,40.4514772,-79.9323061,Pittsburgh,PA
 5442 Walnut St Shadyside,15232,40.4509182,-79.9338159,Pittsburgh,PA
 5533 Walnut St Shadyside,15232,40.451773,-79.9325889,Pittsburgh,PA
 5504 Walnut Street Shadyside,15232,40.45107,-79.933499,Pittsburgh,PA
 738 Bellefonte St Shadyside,15232,40.4513024,-79.9341931,Pittsburgh,PA
 5401 Walnut St Shadyside,15232,40.4508459,-79.9352814,Pittsburgh,PA
 810 Bellefonte St Shadyside,15232,40.4507445,-79.9337197,Pittsburgh,PA
 5501 Walnut St Shadyside,15232,40.4513407,-79.9337719,Pittsburgh,PA
 733 Copeland St Shadyside,15232,40.4512017,-79.9345853,Pittsburgh,PA
 5527 Walnut St Shadyside,15232,40.451723,-79.932833,Pittsburgh,PA
 5105 LIberty Ave Bloomfield,15224,40.458876,-79.9433712,Pittsburgh,PA
 815 Copeland St Shadyside,15232,40.4505754,-79.9345359,Pittsburgh,PA
 3453 Butler Street Lawrenceville,15201,40.4634122266,-79.9668086246,Pittsburgh,PA
 732 Filbert St Ste 1 Shadyside,15232,40.4517034542,-79.9332416963,Pittsburgh,PA
 815 S Aiken Ave Shadyside,15232,40.4504931,-79.9351109,Pittsburgh,PA
 515 S Aiken Ave Ste 1 Shadyside,15232,40.455665,-79.937836,Pittsburgh,PA
 731 Copeland St Shadyside,15232,40.4512703,-79.9345528,Pittsburgh,PA
 5527 Walnut St Shadyside,15232,40.4515828358,-79.932869839,Pittsburgh,PA
 732 Filbert St Shadyside,15232,40.4516361,-79.9333919,Pittsburgh,PA
 Shadyside Smiles 5750 Centre,0,40.4575012,-79.9324076,Pittsburgh,PA
 5411 Walnut St Shadyside,15232,40.4508928,-79.9350998,Pittsburgh,PA
 5124 Fifth Ave Squirrel Hill,15232,40.4475613142,-79.9373323726,Pittsburgh,PA
 5516 Maple Heights Rd Squirrel Hill,15232,40.4476977,-79.9312559,Pittsburgh,PA
 Walnut Street - Pittsburgh 5436 Walnut St Shadyside,15232,40.4510336112,-79.9340840689,Pittsburgh,PA
 806 Ivy St Shadyside,15232,40.4513693,-79.9322483,Pittsburgh,PA
 5422 Baum Blvd Bloomfield,15232,40.4571266518,-79.9377973675,Pittsburgh,PA
 5440 Walnut St Shadyside,15232,40.450866,-79.933919,Pittsburgh,PA
 5416 Walnut St Shadyside,15232,40.450632,-79.9348459,Pittsburgh,PA
 5505 Walnut St Shadyside,15232,40.4513552,-79.9335816,Pittsburgh,PA
 5894 Ellsworth St Shadyside,15232,40.4580854,-79.9275449,Pittsburgh,PA
 738 Copeland St Shadyside,15232,40.4510637,-79.9348095,Pittsburgh,PA
 5500 Walnut St Shadyside,15232,40.4508247,-79.9334641,Pittsburgh,PA
 5514 Walnut St Shadyside,15232,40.4512794057,-79.9332921053,Pittsburgh,PA
 331 Mount Lebanon Blvd,15234,40.369991,-80.034378,Pittsburgh,PA
 427 Mount Lebanon Blvd,15234,40.3698429,-80.0321349,Pittsburgh,PA
 4101 Library Rd,15234,40.360768,-80.0283874,Pittsburgh,PA
 329 Mt. Lebanon Blvd Castle,15234,40.3695859,-80.0348341,Castle Shannon,PA
 3759 Library Rd,15234,40.364216,-80.02247,Pittsburgh,PA
 300 Mount Lebanon Blvd,15234,40.368716,-80.034629,Pittsburgh,PA
 4156 Library Rd,15234,40.357226,-80.028931,Pittsburgh,PA
 1116 Castle Shannon Blvd,15234,40.3648393,-80.0238516,Pittsburgh,PA
 300 Mount Lebanon Blvd,15234,40.368716,-80.034629,Pittsburgh,PA
 990 Castle Shannon Blvd,15234,40.3660903,-80.0265822,Pittsburgh,PA
 250 Mt Lebanon Blvd,15234,40.3680036,-80.0368633,Pittsburgh,PA
 3349 Library Rd,15234,40.3685959,-80.011746,Pittsburgh,PA
 2719 Library Road Overbrook,15234,40.3778666,-80.0032927,Pittsburgh,PA
 3738 Library Rd,15234,40.364969,-80.02085,Pittsburgh,PA
 3360 Library Rd,15234,40.3684469,-80.0130696,Pittsburgh,PA
 3220 Library Rd,15234,40.369751,-80.011672,Pittsburgh,PA
 3360 Library Rd,15234,40.3684469,-80.0130696,Pittsburgh,PA
 2513 Transport St Overbrook,15234,40.3822222,-79.9972062,Pittsburgh,PA
 1100 Grove Rd,15234,40.3675213,-80.014219,Pittsburgh,PA
 2660 Library Rd,15234,40.3793534,-80.0016027,Pittsburgh,PA
 3360 Library Rd,15234,40.3684469,-80.0130696,Pittsburgh,PA
 2544 Library Rd Overbrook,15234,40.3815497,-79.9986915,Pittsburgh,PA
 2739 Library Rd Overbrook,15234,40.3773782,-80.0037775,Pittsburgh,PA
 3107 Library Rd,15234,40.373453,-80.006247,Pittsburgh,PA
 3333 Library Rd,15234,40.3687422,-80.0114701,Pittsburgh,PA
 1231 Grove Rd,15234,40.3659582,-80.0132463,Pittsburgh,PA
 1001 Clairton Boulevard,15236,40.353347,-79.979897,Pittsburgh,PA
 4846 Streets Run Rd Hays,15236,40.37223,-79.943578,Pittsburgh,PA
 4755 Clairton Blvd,15236,40.3525769,-79.977372,Pittsburgh,PA
 4851 Clairton Blvd,15236,40.3500069,-79.9763367,Pittsburgh,PA
 4730 Clairton Blvd,15236,40.353459,-79.979003,Pittsburgh,PA
 540 Weyman Rd,15236,40.3593906,-80.0006895,Pittsburgh,PA
 1209 Streets Run Rd,15236,40.3517314,-79.9612707,Pittsburgh,PA
 4615 Clairton Blvd,15236,40.356992,-79.980264,Pittsburgh,PA
 1735 Prospect Rd South Hills,15236,40.3588178,-79.9583618,Pittsburgh,PA
 954 Freeport Rd,15238,40.4890759296,-79.8915405518,Pittsburgh,PA
 243 W 8th Ave Homestead West,15120,40.4044775,-79.9149727,West Homestead,PA
 891 Freeport Rd,15238,40.4869258,-79.8906011,Pittsburgh,PA
 910 Freeport Rd,15238,40.4882107543,-79.8938473445,Pittsburgh,PA
 926 Freeport Rd,15238,40.4891725952,-79.8940369989,Pittsburgh,PA
 936 Freeport Rd,15238,40.4890230106,-79.8926940962,Pittsburgh,PA
 1124 Freeport Rd,15238,40.4876529256,-79.8806163564,Pittsburgh,PA
 976 Freeport Rd Rm A2,15238,40.4879129863,-79.8867786627,Pittsburgh,PA
 1152 Freeport Rd,15238,40.4879361,-79.8790541,Pittsburgh,PA
 1149 Freeport Rd,15238,40.4878872,-79.8803704,Pittsburgh,PA
 1110 Freeport Rd,15238,40.4876186,-79.8819256,Pittsburgh,PA
 843 Freeport Rd,15238,40.487115,-79.89282,Pittsburgh,PA
 1050 Freeport Road,15238,40.4869686,-79.8848614,Pittsburgh,PA
 48 Fox Chapel Rd,15238,40.4884554,-79.8826504,Pittsburgh,PA
 966 Freeport Rd,15238,40.4873357,-79.8819958,Pittsburgh,PA
 1034 Freeport Rd,15238,40.4869455,-79.8857437,Pittsburgh,PA
 468 Freeport Rd,15238,40.4958388,-79.8574779,Pittsburgh,PA
 238 Freeport Rd,15238,40.492457,-79.863376,Pittsburgh,PA
 378 Freeport Rd,15238,40.4942426,-79.8598478,Pittsburgh,PA
 217 Freeport Rd,15238,40.492507,-79.864475,Pittsburgh,PA
 364 Freeport Rd,15238,40.493969,-79.860283,Pittsburgh,PA
 1154 Freeport Rd Fox Chapel,15238,40.487988,-79.878738,Pittsburgh,PA
 1372 Freeport Rd,15238,40.4895888,-79.8723628,Pittsburgh,PA
 2101 Greentree Rd,15220,40.3903858,-80.0708968,Pittsburgh,PA
 101 Radisson Dr Greentree,15205,40.4185514,-80.0586583,Pittsburgh,PA
 2212 Noblestown Rd Ste 6 West End,15205,40.429825,-80.054154,Pittsburgh,PA
 600 Forbes Ave The Hill District,15282,40.4373053,-79.9912885,Pittsburgh,PA
 454 Salem Dr,15243,40.376268,-80.069056,Delmont,PA
 196 YMCA Dr,28012,35.2633699,-81.0199704,Belmont,NC
 7016 Wilkinson Blvd,28012,35.248484,-81.021369,Belmont,NC
 6928 W Wilkinson Blvd,28012,35.2486667749,-81.0212416554,Belmont,NC
 23 N Main St,28012,35.2431321,-81.0380587,Belmont,NC
 660 Park St,28012,35.253329,-81.027326,Belmont,NC
 685 Park St. Abbey Plaza,28012,35.2546334,-81.0277219,Belmont,NC
 6450 W Wilkinson Blvd,28012,35.252225,-81.043273,Belmont,NC
 417 Catawba St,28012,35.2427641928,-81.0281556595,Belmont,NC
 6507 W Wilkinson Blvd,28012,35.2543245,-81.0420124,Belmont,NC
 670 Park St,28012,35.2534228,-81.0266346,Belmont,NC
 403 Catawba St,28012,35.243155,-81.028482,Belmont,NC
 6831 W Wilkinson Blvd,28012,35.2510265666,-81.0253293812,Belmont,NC
 680 Park St,28012,35.254267,-81.02641,Belmont,NC
 208 Glenway St,28012,35.245563,-81.035828,Belmont,NC
 6511 W Wilkinson Blvd,28012,35.2542070335,-81.0416600544,Belmont,NC
 6805 W Wilkinson Blvd,28012,35.252694,-81.041502,Belmont,NC
 505 N Main St,28012,35.2517326,-81.0431716,Belmont,NC
 2 Caldwell Dr,28012,35.258873,-81.025519,Belmont,NC
 6517 W Wilkinson Blvd,28012,35.2527471,-81.0422163,Belmont,NC
 429 Catawba St,28012,35.2426298,-81.0278977,Belmont,NC
 6802 W Wilkinson Blvd,28012,35.250942,-81.0282955,Belmont,NC
 101 Kenwood St,28012,35.2445503,-81.0374577,Belmont,NC
 9548 Mount Holly Hntrsvlle Rd,28078,35.356875,-80.867643,Huntersville,NC
 9548 Mt Holly Huntersville Rd,28078,35.357556,-80.868144,Huntersville,NC
 11725 Verhoeff Dr,28078,35.392098,-80.8449569,Huntersville,NC
 5225 Sample Rd,28078,35.354958,-80.930662,Huntersville,NC
 5225 Sample Rd,28078,35.354958,-80.930662,Huntersville,NC
 5225 Sample Rd,28078,35.354958,-80.930662,Huntersville,NC
 14410 Eastfield Rd,28078,35.3963592999,-80.7695458084,Huntersville,NC
 Rural Hill Farm 4431 Neck Rd,28078,35.385772,-80.945838,Huntersville,NC
 6000 Sample Rd,28078,35.3503059457,-80.9183981534,Huntersville,NC
 11711 Alexanderana Rd,28078,35.372285,-80.839481,Huntersville,NC
 12117 Statesville Rd,28078,35.384626,-80.846401,Huntersville,NC
 13715 Providence Rd,28104,35.0262262,-80.7629807,Matthews,NC
 3216 Old Monroe Rd,28104,35.081001,-80.692319,Matthews,NC
 4520 Potters Rd,28104,35.084143,-80.697074,Matthews,NC
 4390 Potters Rd,28104,35.085443,-80.696968,Matthews,NC
 625 Stallings Rd,28104,35.0891248,-80.6886879,Matthews,NC
 3747 Matthews Indian Trail Rd Ste 700,28104,35.091404,-80.672686,Matthews,NC
 3477 Gribble Rd,28104,35.085982,-80.67972,Matthews,NC
 4405 Potters Rd,28104,35.001676,-80.668341,Matthews,NC
 524 Stallings Rd,28104,35.0884127,-80.6899656,Matthews,NC
 13661 Providence Rd,28104,35.0263771,-80.7630454,Matthews,NC
 13649 Providence Rd,28104,35.0264103,-80.7630602,Matthews,NC
 13624 Providence Rd,28104,35.023706,-80.765084,Matthews,NC
 2001 Mount Harmony Ch Rd,28104,35.1168131,-80.7236804,Matthews,NC
 11220 Elm Ln Ste 102 Ballantyne,28277,35.0578530619,-80.8174063386,Charlotte,NC
 13641 Providence Rd,28104,35.0235995,-80.7608346,Matthews,NC
 Uptown,28104,35.2247714304,-80.8421891375,Charlotte,NC
 1253 Matthews-Mint Hill Rd,28106,35.119512,-80.701841,Matthews,NC
 250 Beatty Dr,28012,35.263024,-81.026538,Belmont,NC
 791 W Charlotte Ave Mount,28120,35.3035634,-81.0272196,Mount Holly,NC
 205 Madora St Mount,28120,35.2912146,-81.0241586,Mount Holly,NC
 717 Rhyne Rd,28214,35.283424,-80.968306,Charlotte,NC
 704 S Main St Mount,28120,35.2889229,-81.020392,Mount Holly,NC
 1610 S NC 16 Hwy Mount,28120,35.363053,-80.9872286,Mount Holly,NC
 2770 E W T Harris Blvd Eastland,28213,35.2771265,-80.728384,Charlotte,NC
 3315 Scott Futrell Drive,28208,35.237471,-80.922732,Charlotte,NC
 11009 Carolina Place Pkwy,28134,35.083931,-80.877175,Pineville,NC
 9101 Pineville Matthews Rd Ste H,28134,35.086948,-80.871878,Pineville,NC
 11025 Carolina Place Pkwy,28134,35.0822,-80.8772242,Pineville,NC
 9101 Pineville-Matthews Rd.,28134,35.0869866,-80.8717654,Pineville,NC
 11516 Carolina Pl Pkwy,28134,35.076033,-80.8793,Pineville,NC
 11025 Carolina Place Pkwy,28134,35.0822,-80.8772242,Pineville,NC
 11415 Carolina Pl Pkwy,28134,35.0768987,-80.876534,Pineville,NC
 10415 Centrum Parkway,28134,35.090714,-80.876336,Pineville,NC
 11025 Carolina Place Pkwy,28134,35.0822,-80.8772242,Pineville,NC
 9600 Pineville Matthws Rd,28134,35.0880179,-80.8802294,Pineville,NC
 11700 Carolina Place Pkwy,28134,35.074746,-80.880036,Pineville,NC
 12101 Lancaster Hwy,28134,35.076521,-80.882357,Pineville,NC
 11715 Carolina Place Pkwy,28134,35.074492,-80.876731,Pineville,NC
 11025 Carolina Place Pkwy,28134,35.0822,-80.8772242,Pineville,NC
 9415 Pineville-Matthews Road,28134,35.0866339,-80.87693,Pineville,NC
 11300 Carolina Place Pkwy,28134,35.0795232,-80.8800722,Pineville,NC
 10610 Centrum Pkwy,28134,35.0883861,-80.8788478,Pineville,NC
 11033 Carolina Pk Carolina Pl,28134,35.0832014,-80.8922957,Pineville,NC
 10628 Park Rd,28134,35.091652,-80.871618,Pineville,NC
 Carolina Place Mall,28134,35.079777,-80.877701,Pineville,NC
 10210 Centrum Pkwy,28134,35.0934369113,-80.8775603771,Pineville,NC
 The Centrum Shopping Center 10420-D Centrum Pkwy,28134,35.0910239,-80.8790283,Pineville,NC
 11025 Carolina Place Pkwy,28134,35.083403,-80.87729,Pineville,NC
 10601 Centrum Pkwy,28134,35.089113,-80.876906,Pineville,NC
 11235 Carolina Place Pkwy Ste A,28134,35.0800152,-80.8782326,Pineville,NC
 10915 Carolina Place Parkway,28134,35.0852900556,-80.8798456192,Pineville,NC
 9101 Pineville Matthws Rd,28134,35.0869866,-80.8717654,Pineville,NC
 11729 Carolina Place Pkwy,28134,35.072952,-80.878246,Pineville,NC
 11025 Carolina Place Pkwy,28134,35.0822,-80.8772242,Pineville,NC
 10500 Centrum Pkwy,28134,35.0901536859,-80.8791428804,Pineville,NC
 10917 Carolina Place Pkwy,28134,35.084106,-80.878954,Pineville,NC
 11500 Carolina Place Pkwy,28134,35.076846,-80.879653,Pineville,NC
 10605 Centrum Parkway,28134,35.088633,-80.8770119,Pineville,NC
 10200 Centrum Pkwy,28134,35.094862,-80.877106,Pineville,NC
 10610 Centrum Pkwy,28134,35.0883861,-80.8788478,Pineville,NC
 11017 Carolina Place Pkwy,28134,35.083179,-80.876232,Pineville,NC
 10600 Centrum Pkwy,28134,35.088733,-80.879078,Pineville,NC
 8706 Pineville-Matthews Road Suite 100,28226,35.089035,-80.8670549,Charlotte,NC
 10610 Centrum Pkwy,28134,35.0883861,-80.8788478,Pineville,NC
 11025 Carolina Place Parkway,28134,35.0822,-80.8772242,Pineville,NC
 10921 Carolina Pl Pkwy,28134,35.0857058,-80.8789517,Pineville,NC
 11041 Carolina Place Pkwy,28134,35.080712,-80.875811,Pineville,NC
 11025 Carolina Place Pkwy,28134,35.0822,-80.8772242,Pineville,NC
 11025 Carolina Place Pkwy Ste B7,28134,35.0822,-80.8772242,Pineville,NC
 9421 Pineville Matthews Rd,28134,35.086418,-80.877383,Pineville,NC
 9920 Leitner St,28134,35.0855733,-80.8809029,Pineville,NC
 9610 Pineville-Matthews Rd,28134,35.0868436,-80.8799377,Pineville,NC
 10510 Cadillac St,28134,35.0985164,-80.8806338,Pineville,NC
 10822-C Pineville Rd,28134,35.095064,-80.884263,Pineville,NC
 8510 Park Rd,28210,35.117183,-80.857545,Charlotte,NC
 11210 Downs Rd,28134,35.111215,-80.910649,Pineville ,NC
 11000 Nations Ford Rd,28134,35.114191,-80.912923,Pineville,NC
 11200 Nations Ford Rd,28134,35.1118189,-80.915583,Pineville,NC
 12716 Downs Cir,28134,35.0924989,-80.90133,Pineville,NC
 10515-A Centrum Parkway,28134,35.089515,-80.876657,Pineville,NC
 10301 Feldfarm Ln,28210,35.093322,-80.864092,Charlotte,NC
 9530 Pineville Matthews Rd,28134,35.0871298,-80.8789059,Pineville,NC
 11025 Carolina Place Pkwy,28134,35.0822,-80.8772242,Pineville,NC
 10515 B Centrum Parkway,28134,35.089534,-80.876679,Pineville,NC
 401 Town Centre Blvd,28134,35.0831992,-80.8834149,Pineville,NC
 597 N Polk St,28134,35.0912601,-80.8857292,Pineville,NC
 9931 Lee St,28134,35.08442,-80.884608,Pineville,NC
 204 S Polk St,28134,35.0838575,-80.8869036,Pineville,NC
 425 Town Centre Blvd,28134,35.082338,-80.88227,Pineville,NC
 306 N Polk St,28134,35.087638,-80.886365,Pineville,NC
 220 Main St,28134,35.0856816,-80.8896639,Pineville,NC
 9940 Pineville Matthews Rd,28134,35.085568,-80.884822,Pineville,NC
 605 N Polk St,28134,35.092812,-80.88523,Pineville,NC
 618 N Polk St,28134,35.0914379,-80.884817,Pineville,NC
 123 Main St,28134,35.084897,-80.887685,Pineville,NC
 207 N Polk St,28134,35.086834,-80.887008,Pineville,NC
 315 S Polk St # 4A,28134,35.082645,-80.885621,Pineville,NC
 400 Town Centre Blvd,28134,35.081921,-80.883932,Pineville,NC
 521 E Morehead St Ste 250 Dilworth,28202,35.217205,-80.847,Charlotte,NC
 10000 Ballantyne Commons Pkwy Ballantyne,28277,35.056435,-80.8480944,Charlotte,NC
 6700 Phillips Court Pl South Park,28210,35.1467079,-80.828252,Charlotte,NC
 2700 Little Rock Rd,28214,35.239674,-80.9405309,Charlotte,NC
 100 N College St First Ward,28202,35.2262406,-80.8419492,Charlotte,NC
 309 W 4th St,28202,35.228193,-80.846592,Charlotte,NC
 200 S Tryon St Ste 1600 Uptown,28202,35.226433,-80.84468,Charlotte,NC
 507 S Tryon St Uptown,28202,35.2239303,-80.8473278,Charlotte,NC
 401 S Tryon St Uptown,28202,35.2246161,-80.8464246,Charlotte,NC
 237 N Tryon St Fourth Ward,28202,35.228915,-80.84119,Charlotte,NC
 721 N Tryon St Fourth Ward,28202,35.2327235,-80.8361303,Charlotte,NC
 511 N Church St Fourth Ward,28202,35.231684,-80.8396379,Charlotte,NC
 401 W 9th St Fourth Ward,28202,35.23361,-80.840783,Charlotte,NC
 130 W 3rd St Uptown,28202,35.2263469,-80.845804,Charlotte,NC
 200 E 7th St First Ward,28202,35.228234,-80.838659,Charlotte,NC
 227 W Trade St,28202,35.2286502258,-80.845006058,Charlotte,NC
 435 S Tryon St Ste 140 Uptown,28202,35.2240131,-80.8464728,Charlotte,NC
 800 W Trade St Third Ward,28202,35.2336634617,-80.8502645514,Charlotte,NC
 330 N Tryon St First Ward,28202,35.228985,-80.839671,Charlotte,NC
 550 E 8th St First Ward,28202,35.2262527,-80.8343082,Charlotte,NC
 130 N Tryon St First Ward,28202,35.226746,-80.842303,Charlotte,NC
 214 N Tryon St First Ward,28202,35.2274789984,-80.8404318988,Charlotte,NC
 100 W Trade St Fourth Ward,28202,35.2279912,-80.843388,Charlotte,NC
 100 W. Trade St. Fourth Ward,28202,35.2279912,-80.843388,Charlotte,NC
 1817 Central Ave Plaza Midwood,28205,35.220697,-80.809002,Charlotte,NC
 200 S College St Ste 1400 Uptown,28202,35.225394,-80.84395,Charlotte,NC
 525 N Tryon St Fourth Ward,28202,35.2310911,-80.8381685,Charlotte,NC
 8200 Providence Rd Ste 500 Arboretum,28277,35.0952753,-80.7791381,Charlotte,NC
 505 W 7th St Third Ward,28202,35.2329575,-80.8439988,Charlotte,NC
 127 N Tryon St Ste 8 Fourth Ward,28202,35.2284099,-80.8426239,Charlotte,NC
 401 N Tryon St Ste 100 Fourth Ward,28202,35.2302318,-80.8394131,Charlotte,NC
 121 W Trade St Ste 3100,28202,35.2275289,-80.843784,Charlotte,NC
 310 E Trade St Uptown,28202,35.2244979,-80.84104,Charlotte,NC
 200 S College St Ste 307 Uptown,28202,35.225394,-80.84395,Charlotte,NC
 320 S Tryon St Uptown,28202,35.22533,-80.8461559,Charlotte,NC
 516 N Graham St Fourth Ward,28202,35.2340477,-80.841786,Charlotte,NC
 445 W Trade St,28202,35.230158,-80.8473,Charlotte,NC
 128 Brevard Ct Uptown,28202,35.225825,-80.846495,Charlotte,NC
 325 E 9Th St First Ward,28202,35.228506,-80.834638,Charlotte,NC
 310 E Trade St Uptown,28202,35.2244979,-80.84104,Charlotte,NC
 601 South College Street Uptown,28202,35.2215512,-80.8473977,Charlotte,NC
 230 N College St First Ward,28202,35.2270542,-80.8396357,Charlotte,NC
 215 N Sycamore St Third Ward,28202,35.238088,-80.851336,Charlotte,NC
 700 W 6th St Third Ward,28202,35.234098,-80.847333,Charlotte,NC
 800 East Martin Luther King Jr. Blvd Uptown,28202,35.2172053,-80.8407079,Charlotte,NC
 220 N Tryon St First Ward,28202,35.228281,-80.840985,Charlotte,NC
 1900 Selwyn Ave Myers Park,28274,35.1879068,-80.8319153,Charlotte,NC
 301 S College St Uptown,28202,35.223866,-80.844683,Charlotte,NC
 237 S Tryon St Uptown,28202,35.225705,-80.8449462,Charlotte,NC
 316 E Morehead St South End,28202,35.21873,-80.84972,Charlotte,NC
 435 S Tryon St Ste 100 Uptown,28202,35.2240131,-80.8464728,Charlotte,NC
 214 N Tryon St Ste 200 First Ward,28202,35.227822,-80.8411478,Charlotte,NC
 501 South College Street Uptown,28202,35.2223511,-80.8456832,Charlotte,NC
 404 S Mint St Uptown,28202,35.227078,-80.849538,Charlotte,NC
 3327 Pineville Matthews Rd Arboretum,28226,35.096526,-80.783798,Charlotte,NC
 401 S Tryon St Uptown,28202,35.2246161,-80.8464246,Charlotte,NC
 800 W Trade St Third Ward,28202,35.2341598,-80.8500343,Charlotte,NC
 Overstreet Mall 101 S Tryon St Uptown,28202,35.2265794,-80.8428142,Charlotte,NC
 235 N. Tryon Street Fourth Ward,28202,35.2288472,-80.8412724,Charlotte,NC
 650 E Stonewall St Uptown,28202,35.218214,-80.843155,Charlotte,NC
 201 N Tryon St Fourth Ward,28202,35.2286559,-80.8416248,Charlotte,NC
 300 N College St First Ward,28202,35.2278411,-80.8394745,Charlotte,NC
 214 N College St First Ward,28202,35.2273178,-80.8401304,Charlotte,NC
 145 Brevard Ct Uptown,28202,35.22586,-80.846935,Charlotte,NC
 CSL/2WC 301 South Tryon St. Uptown,28202,35.2254586,-80.8452366,Charlotte,NC
 128 South Tryon Street Uptown,28202,35.226995,-80.844191,Charlotte,NC
 327 S Tryon St Uptown,28202,35.224456,-80.84547,Charlotte,NC
 1 Wachovia Ctr Uptown,28202,35.223805,-80.844616,Charlotte,NC
 108 E Morehead St South End,28202,35.220527,-80.851151,Charlotte,NC
 214 N Tryon St First Ward,28202,35.227822,-80.8411478,Charlotte,NC
 600 E 4th St Uptown,28202,35.2216474,-80.8393449,Charlotte,NC
 214 N Tryon St Ste J First Ward,28202,35.227822,-80.8411478,Charlotte,NC
 105 E 5th St First Ward,28202,35.2278131,-80.8414916,Charlotte,NC
 895 W Trade St Third Ward,28202,35.233064,-80.851868,Charlotte,NC
 601 S Cedar St Uptown,28202,35.2283983,-80.8547192,Charlotte,NC
 105 E 5th St First Ward,28202,35.2278131,-80.8414916,Charlotte,NC
 225 E 6th St First Ward,28202,35.2274621,-80.8388937,Charlotte,NC
 206 N College St First Ward,28202,35.2274197,-80.8406527,Charlotte,NC
 508 E Martin Luther King Blvd Uptown,28202,35.2207294,-80.8427865,Charlotte,NC
 120 N Cedar St Ste 745 Third Ward,28202,35.2335751,-80.8489878,Charlotte,NC
 201 N Tryon St Fourth Ward,28202,35.2283137726,-80.8419989013,Charlotte,NC
 333 E Trade St First Ward,28202,35.2250606,-80.8393335,Charlotte,NC
 123 W Trade St,28202,35.2275943,-80.8440182,Charlotte,NC
 214 N Church St Fourth Ward,28202,35.2292799,-80.8424708,Charlotte,NC
 600 S Tryon St Uptown,28202,35.223622,-80.849647,Charlotte,NC
 100 W Trade St Fourth Ward,28202,35.2279912,-80.843388,Charlotte,NC
 100 W Trade St Fourth Ward,28202,35.2279912,-80.843388,Charlotte,NC
 800 S Mint St Uptown,28202,35.2260468097,-80.8530782034,Charlotte,NC
 800 S Mint St Uptown,28202,35.2260468097,-80.8530782034,Charlotte,NC
 800 E Morehead St Dilworth,28202,35.214505,-80.84581,Charlotte,NC
 320 S Tryon St Ste 111 Uptown,28202,35.22533,-80.8461559,Charlotte,NC
 115 E 5th St First Ward,28202,35.227736,-80.841435,Charlotte,NC
 Morrocroft Village 3904 Colony Rd South Park,28211,35.153816,-80.8249249,Charlotte,NC
 4400 Sharon Rd. Southpark Mall South Park,28202,35.1517003,-80.830323,Charlotte,NC
 Southpark Mall 4400 Sharon Rd South Park,28211,35.1517003,-80.830323,Charlotte,NC
 South Park Mall 4400 Sharon Rd South Park,28211,35.153939,-80.8317551,Charlotte,NC
 Cotswold Village Shops 106 South Sharon Amity Road Cotswold,28211,35.176106,-80.799651,Charlotte,NC
 201 E 5th St First Ward,28202,35.2269273,-80.8403808,Charlotte,NC
 214 N Tryon St First Ward,28202,35.227822,-80.8411478,Charlotte,NC
 200 S College St Uptown,28202,35.225394,-80.84395,Charlotte,NC
 100 E Stonewall St Uptown,28202,35.2228785,-80.848381,Charlotte,NC
 601 W. Trade Street Third Ward,28202,35.23114,-80.848324,Charlotte,NC
 300 N College St First Ward,28202,35.2278411,-80.8394745,Charlotte,NC
 100 N Tryon St First Ward,28202,35.2273405,-80.8422396,Charlotte,NC
 301 N Tryon St Fourth Ward,28202,35.229601,-80.8409269,Charlotte,NC
 320 S Tryon St Ste 110 Uptown,28202,35.22533,-80.8461559,Charlotte,NC
 401 S Tryon St Uptown,28202,35.2246161,-80.8464246,Charlotte,NC
 530 Martin Luther King Jr Blvd Uptown,28202,35.2201626,-80.8422793,Charlotte,NC
 301 S College St Ste 265 Uptown,28202,35.223866,-80.844683,Charlotte,NC
 301 E 7th St First Ward,28202,35.2277289,-80.837321,Charlotte,NC
 225 N Caldwell St First Ward,28202,35.225299,-80.837213,Charlotte,NC
 101 W Morehead St South End,28202,35.221088,-80.851833,Charlotte,NC
 100 N Tryon St First Ward,28202,35.2273405,-80.8422396,Charlotte,NC
 512 N Tryon St First Ward,28202,35.230441,-80.838086,Charlotte,NC
 212 S Tryon St Ste 1300 Uptown,28202,35.2264144,-80.8451157,Charlotte,NC
 516 N Graham St Fourth Ward,28202,35.2340477,-80.841786,Charlotte,NC
 718 W Trade St Third Ward,28202,35.233055,-80.849395,Charlotte,NC
 316 South Tryon Street Uptown,28202,35.225386,-80.846063,Charlotte,NC
 132 E Trade St Uptown,28202,35.2264493,-80.8425319,Charlotte,NC
 225 E Seventh Street First Ward,28202,35.2281675,-80.8381937,Charlotte,NC
 129 W Trade St Ste 100,28202,35.22777,-80.844182,Charlotte,NC
 127 N Tryon St Ste 3 Fourth Ward,28202,35.2284099,-80.8426239,Charlotte,NC
 100 N Tryon St Ste,0,35.2273405,-80.8422396,Charlotte,NC
 118 W 5th St Fourth Ward,28202,35.2286689,-80.84241,Charlotte,NC
 601 S Kings Dr Ste L Myers Park,28204,35.2094947,-80.8355125,Charlotte,NC
 321 S Church St Uptown,28202,35.225996,-80.847022,Charlotte,NC
 3541 Randolph Rd Elizabeth,28202,35.1894275,-80.8093275,Charlotte,NC
 435 S Tryon St Uptown,28202,35.2240131,-80.8464728,Charlotte,NC
 3300 Queen City Dr,28208,35.2399521,-80.9206525,Charlotte,NC
 701 N Graham St Third Ward,28202,35.2357159,-80.840513,Charlotte,NC
 4510 Billy Graham Pkwy,28202,35.229829,-80.9236452,Charlotte,NC
