,,,,,,,,,,,,,,,,,,,,,,,,,,,,,,,,,,,,,
1,Mr Hoagie,4.5,casual,0,1,0,0,0,1,0,0,0,1,1,0,,,,,,,1,,0,0,0,0,0,,,,,,,Fast Food,,
2,Clancy's Pub,3.5,,,1,,0,,1,,,,,1,,,1,,,,,,,,,,,,,,,,,,Nightlife,,
3,Joe Cislo's Auto,5,,,,,,,,,,,,,,,,,,,,,,,,,,,,,,,,,,,
4,Cool Springs Golf Center,2.5,,,,,,,,,,,1,,,,,,,,,,,,,,,,,,,,,,,,
5,Verizon,2.5,,,2,,,,,,,,,0,,,,,,,,,,0,0,0,0,0,,,,,,,,,
6,Emil's Lounge,5,casual,1,1,0,0,,1,1,1,1,1,1,0,no,0,0,no,,,1,0,0,0,0,0,0,0,,,,,,Nightlife,Bars,American
7,Extreme Fitness 2,2.5,,,,,,,,,,,0,,,,,,,,,,,,,,,,,,,,,,,,
8,Alexion's Bar & Grill,4,casual,1,1,0,1,,1,1,0,1,0,1,0,free,1,1,outdoor,,,1,0,0,0,1,0,0,0,,,,,,Nightlife,Bars,American
9,Flynn's Tire And Auto Service,2.5,,,,,,,,,,,,,,,,,,,,,,,,,,,,,,,,,,,
10,Forsythe Miniature Golf & Snacks,4,,,,,,,,,,,1,,,,,,,,,,,,,,,,,,,,,,,,
11,Quaker State Construction,2.5,,,,,,,,,,,,,,,,,,,,,,,,,,,,,,,,,,,
12,Greentree Animal Clinic,4,,,,,,,,,,,,,,,,,,,,,,,,,,,,,,,,,,,
13,Carnegie Free Library,4.5,,,,,,,,,,,,,,,,,,,,,,,,,,,,,,,,,,,
14,Advance Auto Parts,3.5,,,,,,,,,,,,,,,,,,,,,,,,,,,,,,,,,,,
15,Kings Family Restaurant,3.5,casual,0,1,0,0,0,1,,,1,1,1,0,,,,,,,1,,0,0,0,0,0,,,,,,,American,Breakfast & Brunch,
16,Shop N' Save,4,,,1,,,,,,,,,1,,,,,,,,,,0,0,1,0,0,,,,,,,,,
17,Rossi Tailoring & Cleaners,3,,,,,,,,,,,,1,,,,,,,,,,,,,,,,,,,,,,,
18,Heidelberg B P,3,,,,,,,,,,,,,,,,,,,,,,,,,,,,,,,,,,,
19,Rocky's Lounge,4,casual,1,1,0,0,,1,1,0,1,1,1,0,free,,0,no,,,1,0,0,0,1,0,0,0,,,,,,Nightlife,Bars,American
20,Gab & Eat,4.5,casual,0,1,0,0,,0,1,0,1,1,0,0,no,,,,0,0,1,,0,0,1,0,0,,,,,,,Breakfast & Brunch,,
21,Barb's Country Junction Cafe,3.5,casual,0,1,0,0,,1,0,,1,1,1,0,,,,,,,1,,0,0,0,0,0,,,,,,,,,
22,Extended Stay America - Pittsburgh - Carnegie,3.5,,,2,,,,,,,,,1,,free,,,,,,,,,,,,,,,,,,,,,
23,Paddy's Pour House,3,casual,1,2,0,1,,1,1,,1,0,1,0,,,0,,,,1,0,1,0,0,0,0,0,0,0,1,0,0,Nightlife,Bars,
24,Porto Fino Pizzaria & Gyro,2.5,,,,,,,,,,,,,,,,,,,,,,,,,,,,,,,,,,,
25,Alteration World,4.5,,,,,,,,,,,,0,,,,,,,,,,,,,,,,,,,,,,,
26,Greentree Auto Body,2.5,,,,,,,,,,,,,,,,,,,,,,,,,,,,,,,,,,,
27,Long John Silver's,3.5,casual,0,1,0,0,,1,0,0,0,1,1,0,no,,,,,,1,,0,0,0,0,0,,,,,,,,,
28,"Weinberg Lisa, DMD",3,,,,,,,,,,,,,,,,,,,,,,,,,,,,,,,,,,,
29,Don Don Chinese Restaurant,2.5,casual,0,1,1,0,,0,1,,0,1,1,,,,,,,,1,,0,0,0,0,0,,,,,,,Chinese,,
30,West Penn Dental Centers,4,,,,,,,,,,,,,,,,,,,,,,,,,,,,,,,,,,,
31,Denny's,4,casual,0,1,0,0,,1,0,0,1,1,1,0,no,,,,,,1,,0,0,0,0,0,,,,,,,American,,
32,Amerifit,3,,,,,,,,,,,1,,,,,,,,,,,,,,,,,,,,,,,,
33,Papa J's,3.5,casual,1,2,0,1,,1,1,1,1,1,1,1,no,,,,,,1,,1,0,1,0,0,,,,,,,Italian,,
34,Boston Market,2.5,casual,0,2,0,0,,0,0,0,0,1,1,0,no,,,,,,1,,,,,,,,,,,,,American,,
35,Homestead Capri Pizza,3.5,,,1,1,0,,1,0,,1,,1,,,,,,,,1,,,,,,,,,,,,,Pizza,Italian,
36,Starbucks,3.5,,,2,,1,,,,,,,1,,free,,,,,,,,1,0,0,0,0,,,,,,,,,
37,Randy's Beer Barrel Pub,2.5,,,,,,,1,,,,,,,,,,,,,,,,,,,,,,,,,,Nightlife,Bars,
38,Michaels,3,,,2,,,,,,,,,1,,,,,,,,,,1,0,1,0,0,,,,,,,,,
39,Yankee Candle Co.,4,,,2,,,,,,,,,1,,,,,,,,,,0,0,0,0,0,,,,,,,,,
40,Steak 'n Shake,2,casual,0,1,0,0,1,1,0,0,1,1,1,0,no,,,,,,1,,0,0,1,0,0,,,,,,,Fast Food,,
41,Filene's Basement,4,,,2,,,,,,,,,,,,,,,,,,,0,0,0,0,0,,,,,,,,,
42,Sing Sing,3.5,casual,1,2,0,0,,1,0,0,1,0,1,1,no,1,1,no,,,0,0,0,0,1,0,0,0,0,0,1,0,0,Nightlife,Bars,
43,Joe Dilorio's Auto Body Shop,4.5,,,,,,,,,,,,,,,,,,,,,,,,,,,,,,,,,,,
44,Lowe's Home Improvement,3,,,2,,,,,,,,,1,,,,,,,,,,0,0,1,0,0,,,,,,,,,
45,Duke's Upper Deck Cafe,3.5,casual,1,2,0,1,,1,1,,1,0,1,0,,1,0,,,,1,0,1,0,1,0,0,,,,,,,Nightlife,Bars,American
46,Dave & Buster's,2.5,casual,1,2,0,0,,1,1,1,1,1,1,1,no,1,0,no,0,0,1,1,0,0,1,0,0,0,,,,,,Nightlife,Bars,American
47,Paw's In the Family Pet Grooming,5,,,,,,,,,,,,,,,,,,,,,,,,,,,,,,,,,,,
48,Wendy's,2,casual,0,1,0,0,1,1,,,0,1,1,0,free,,,,,,1,,0,0,0,0,0,,,,,,,Fast Food,,
49,Italian Village Pizza,2.5,,,,,,,,,,,,,,,,,,,,,,,,,,,,,,,,,Pizza,,
50,Rock Bottom,3.5,casual,1,2,0,1,,1,1,0,1,1,1,1,no,,,,,,1,,0,0,1,0,0,,,,,,,American,,
51,Master Muffler & Brakes,3.5,,,,,,,,,,,,,,,,,,,,,,,,,,,,,,,,,,,
52,Improv Comedy Club,3,,1,2,,0,,1,0,,,,1,,,0,0,no,,,,0,1,0,1,0,0,0,,,,,,Nightlife,,
53,Giant Eagle,3.5,,,2,,,,,,,,,1,,,,,,,,,,0,0,1,0,0,,,,,,,,,
54,Barnes & Noble Booksellers,3.5,,,2,,,,,,,,,1,,,,,,,,,,1,0,0,0,0,,,,,,,,,
55,Bar Louie,2.5,casual,1,2,0,1,,1,1,0,1,0,1,1,free,1,0,outdoor,,,1,0,0,0,1,0,0,0,,,,,,Nightlife,Bars,American
56,Sandcastle Water Park,3,,,,,,,,,,,1,,,,,,,,,,,,,,,,,,,,,,,,
57,American Buyers Discount Mattress Store,5,,,2,,,,,,,,,1,,,,,,,,,,1,0,0,0,0,,,,,,,,,
58,First Class Limousine Service,5,,,,,,,,,,,,,,,,,,,,,,,,,,,,,,,,,,,
59,The Dragon Chinese Cuisine,3.5,casual,0,1,0,0,,0,0,,0,1,1,0,no,,,,,,1,,0,0,0,0,0,,,,,,,Chinese,,
60,TGI Friday's,2.5,casual,1,2,0,0,,1,1,1,1,1,1,1,free,1,0,,,,1,0,,,,,,,,,,,,Nightlife,Bars,American
61,Uno Pizzeria & Grill,3,casual,1,2,0,0,,1,1,1,1,1,1,0,free,,,,,,1,,0,0,1,0,0,,,,,,,Pizza,American,
62,Bath & Body Works,4.5,,,3,,,,,,,,,1,,,,,,,,,,0,0,0,0,0,,,,,,,,,
63,Victoria's Secret,2,,,3,,,,,,,,,1,,,,,,,,,,1,0,0,0,0,,,,,,,,,
64,LOFT,4.5,,,2,,,,,,,,,1,,,,,,,,,,0,0,0,1,0,,,,,,,,,
65,P.F. Chang's China Bistro,3,casual,1,2,0,0,,1,1,0,1,1,1,1,no,,,,,,1,,0,0,1,0,0,,,,,,,Chinese,Asian Fusion,
66,Gordon Shoes,4,,,2,,,,,,,,,1,,,,,,,,,,0,0,1,0,0,,,,,,,,,
67,Panera Bread,3,casual,0,1,0,1,,1,0,1,0,1,1,0,free,,,,,,1,,0,0,1,0,0,,,,,,,,,
68,Munhall Veterinary Hospital,3.5,,,,,,,,,,,,,,,,,,,,,,,,,,,,,,,,,,,
69,Target,3.5,,,2,,,,,,,,,1,,,,,,,,,,0,0,1,0,0,,,,,,,,,
70,Men's Wearhouse,2.5,,,3,,,,,,,,,1,,,,,,,,,,0,0,0,0,0,,,,,,,,,
71,The Pizza Company,3.5,casual,,1,1,0,,1,,,0,1,,0,,,,,,,1,,0,0,0,0,0,,,,,,,Pizza,,
72,DSW Designer Shoe Warehouse,4,,,2,,,,,,,,,1,,,,,,,,,,0,0,1,0,0,,,,,,,,,
73,Bed Bath & Beyond,3,,,2,,,,,,,,,1,,,,,,,,,,0,0,1,0,0,,,,,,,,,
74,Eat'n Park,3,casual,0,1,0,0,,1,0,1,1,1,1,0,no,,,,,,1,,0,0,1,0,0,,,,,,,American,,
75,TJ Maxx,4,,,2,,,,,,,,,1,,,,,,,,,,0,0,0,0,0,,,,,,,,,
76,Marshalls,3,,,2,,,,,,,,,1,,,,,,,,,,0,0,0,0,0,,,,,,,,,
77,Mitchell's Fish Market,3.5,casual,1,3,0,1,,1,1,0,1,1,1,1,free,,,,,,1,,0,0,1,0,0,,,,,,,Seafood,,
78,Old Navy,3,,,2,,,,,,,,,1,,,,,,,,,,0,0,1,0,0,,,,,,,,,
79,Dick's Sporting Goods,3,,,3,,,,,,,,,1,,,,,,,,,,0,0,1,0,0,,,,,,,,,
80,Shop 'n Save,3,,,2,,,,,,,,,1,,,,,,,,,,0,0,0,0,0,,,,,,,,,
81,Giant Eagle,2.5,,,2,,,,,,,,,1,,,,,,,,,,0,0,0,0,0,,,,,,,,,
82,McDonald's,1,,,,0,,,0,,,,0,0,,,,,,,,0,,,,,,,,,,,,,Fast Food,,
83,Latina Pizza,4,casual,,1,0,,,1,,,,1,0,0,,,,,,,1,,0,0,0,0,0,,,,,,,Pizza,,
84,Big Bang Bicycles,4.5,,,3,,,,,,,,1,1,,,,,,,,,,0,0,1,0,0,,,,,,,,,
85,Bellisario Pizza Shop,3,casual,0,1,1,0,,0,0,,0,1,,0,no,,,,,,1,,0,0,0,0,0,,,,,,,Pizza,,
86,Hunan Wok Chinese Restaurant,5,casual,0,1,0,0,,1,0,0,0,1,0,0,no,,,,,,1,,,,,,,,,,,,,Chinese,,
87,Minerva Bakery,5,,,2,,,,,,,,,1,,,,,,,,,,1,0,0,0,0,,,,,,,,,
88,Pierogies Plus,4.5,,,,,,,,,,,,1,,,,,,,,,,,,,,,,,,,,,,,
89,Eat'n Park Restaurant,4,casual,0,1,0,0,,1,0,0,1,1,1,0,no,,,,,,1,,0,0,1,0,0,,,,,,,American,,
90,Broadway Brunch,4.5,casual,0,1,0,0,0,1,0,1,1,1,1,0,free,,,,,,1,,1,0,1,0,0,,,,,,,Breakfast & Brunch,,
91,Pasquarelli's Pizza House,4,casual,0,2,1,0,,1,0,,0,1,0,0,,,,,,,1,,0,0,0,0,0,,,,,,,Pizza,,
92,Island Avenue Tattoo,3.5,,,2,,,,,,,,,1,,,,,,,,,,1,0,0,0,0,,,,,,,,,
93,Applebee's,3.5,casual,1,2,0,0,0,1,1,,1,1,1,0,,1,0,,,,1,,,,,,,,,,,,,Nightlife,Bars,American
94,Giant Eagle,3.5,,,2,,,,,,,,,1,,,,,,,,,,0,0,0,0,0,,,,,,,,,
95,Sapporo Japanese Steakhouse,4.5,casual,1,3,0,0,,1,1,1,1,1,1,1,no,,,,,,1,,0,0,1,0,0,,,,,,,Japanese,,
96,Ricci Italian Sausage,4.5,,,1,,,,,,,,,1,,,,,,,,,,0,0,0,0,0,,,,,,,,,
97,Cindy Esser's Floral Shop,3.5,,,2,1,,,,,,,,1,,,,,,,,,,0,0,0,0,0,,,,,,,,,
98,R & B's Pizza Place,4,casual,0,1,1,0,,0,0,,0,1,1,0,no,,,,,,1,,0,0,1,0,0,,,,,,,Pizza,,
99,Valvoline Instant Oil Change,4.5,,,,,,,,,,,,,,,,,,,,,,,,,,,,,,,,,,,
100,Luigi's Pizzeria,4,casual,0,2,1,0,,1,0,,1,1,1,0,,,,,,,1,,1,0,0,0,0,,,,,,,Pizza,,
101,McDonald's,2,casual,0,1,0,0,1,1,0,0,0,1,1,0,free,,,,,,1,,0,0,0,0,0,,,,,,,Fast Food,,
102,China Sea Chinese Restaurant,3,casual,0,1,1,0,,1,0,0,0,1,1,0,no,,,,,,1,,0,0,0,0,0,,,,,,,Chinese,,
103,Avalon Motel,1.5,,,1,,,,,,,,,1,,no,,,,,,,,,,,,,,,,,,,,,
104,Star Nails,3,,,2,,,,,,,,,1,,,,,,,,,,1,0,0,0,0,,,,,,,,,
105,Wendy's,1.5,casual,0,1,0,0,1,1,0,0,0,1,1,0,,,,,,,1,,0,0,0,0,0,,,,,,,Fast Food,,
106,Avalon Veterinary Hospital,3.5,,,,,,,,,,,,,,,,,,,,,,,,,,,,,,,,,,,
107,Vivo,5,dressy,0,4,0,0,,1,,,1,0,1,1,,,,,,,0,,1,0,0,0,0,,,,,,,Italian,,
108,Fred Dietz Floral,4.5,,,2,,,,,,,,,1,,,,,,,,,,0,0,0,0,0,,,,,,,,,
109,Mane Attractions Unlimited,2.5,,,2,,,,,,,,1,1,,,,,,,,,,,,,,,,,,,,,,,
110,Lincoln Bakery,4,,,2,0,,,,,,,,1,,,,,,,,,,1,0,0,0,0,,,,,,,,,
111,Metro Motors,2.5,,,,,,,,,,,,,,,,,,,,,,,,,,,,,,,,,,,
112,Arby's,3,casual,0,1,0,0,,1,0,0,0,1,1,0,,,,,,,1,,0,0,0,0,0,,,,,,,,,
113,Kuhn's Market,4,,,1,,,,,,,,,1,,,,,,,,,,0,0,1,0,0,,,,,,,,,
114,Red White & Blue Thrift Store,3.5,,,1,,,,,,,,,0,,,,,,,,,,0,0,1,0,0,,,,,,,,,
115,Rusty Nail,3.5,casual,0,1,0,0,,1,1,1,1,1,0,0,no,,,,,,1,,1,0,0,0,0,,,,,,,American,,
116,Remember When,3.5,,,1,,,,,,,,,1,,no,,,,,,,,1,0,0,0,0,,,,,,,,,
117,Paul's Clock Repair,5,,,,,,,,,,,,0,,,,,,,,,,,,,,,,,,,,,,,
118,Pistella Beer Distributors,4,,,2,,,,,,,,,1,,,,,,,,,,0,0,1,0,0,,,,,,,,,
119,Animal Elegance,4,,,,,,,,,,,,,,,,,,,,,,,,,,,,,,,,,,,
120,Pino's Contemporary Italian Restaurant & Wine Bar,3,casual,1,2,0,1,,1,1,1,1,0,1,1,no,,,,,,1,,1,0,0,0,0,,,,,,,Italian,,
121,Pirollo Paul Barber Shop,4.5,,,2,,,,,,,,,0,,,,,,,,,,0,0,0,0,0,,,,,,,,,
122,Brunos Garage,5,,,,,,,,,,,,,,,,,,,,,,,,,,,,,,,,,,,
123,Bastone Auto Service,4,,,,,,,,,,,,,,,,,,,,,,,,,,,,,,,,,,,
124,Giant Eagle,2,,,2,,,,,,,,,1,,,,,,,,,,0,0,1,0,0,,,,,,,,,
125,Supercuts,2,,,1,,,,,,,,1,1,,,,,,,,,,0,0,0,0,0,,,,,,,,,
126,Eddie's Pizza Haus,4,casual,,1,1,0,,1,,,,1,1,0,,,,,,,1,,0,0,0,0,0,,,,,,,Pizza,,
127,Bonura and Sattler Auto Body Shop,5,,,,,,,,,,,,,,,,,,,,,,,,,,,,,,,,,,,
128,Tasty Chinese Restaurant,2.5,casual,0,1,1,0,,1,0,1,1,1,1,0,no,,,,,,1,,0,0,1,0,0,,,,,,,Chinese,,
129,Vento's Pizza,3,casual,0,1,0,1,,1,0,1,0,1,0,0,no,,,,,,1,,0,0,1,0,0,,,,,,,Pizza,Italian,
130,Minutello's Restaurant & Lounge,3,casual,1,2,1,1,,1,,,1,1,1,1,free,,,,0,,1,,1,0,1,0,0,,,,,,,Pizza,Italian,
131,Shell,2,,,,,,,,,,,,,,,,,,,,,,,,,,,,,,,,,,,
132,Mikes Auto Body,4.5,,,,,,,,,,,,,,,,,,,,,,,,,,,,,,,,,,,
133,Animal Rescue League Shelter & Wildlife Center,4,,,,,,,,,,,,,,,,,,,,,,,,,,,,,,,,,,,
134,Topline by Vincent,4,,,,,,,,,,,,1,,,,,,,,,,,,,,,,,,,,,,,
135,CVS Pharmacy,2,,,2,,,,,,,,,1,,,,,,,,,,0,0,1,0,0,,,,,,,,,
136,Goodyear Auto Service Center,2.5,,,,,,,,,,,,,,,,,,,,,,,,,,,,,,,,,,,
137,Rockwel Realty,3,,,,,,,,,,,,1,,,,,,,,,,,,,,,,,,,,,,,
138,Tazza D'oro Cafe & Espresso Bar,4.5,casual,0,1,0,1,,1,0,0,0,1,1,0,free,,,,,,1,,1,0,0,0,0,,,,,,,,,
139,Club One,3.5,,,,,,,,,,,1,,,,,,,,,,,,,,,,,,,,,,,,
140,Buffalo Blues,3,casual,1,2,1,0,,1,1,1,1,0,1,0,no,1,0,no,,,1,0,1,0,0,0,0,,,,,,,Nightlife,Bars,Barbeque
141,China Garden,3,casual,0,1,0,0,,0,0,0,1,1,1,0,no,,,,,,1,,0,0,1,0,0,,,,,,,Chinese,,
142,Arhaus Furniture,4,,,3,,,,,,,,,1,,,,,,,,,,0,0,0,0,0,,,,,,,,,
143,Smiley's Pet Pad,5,,,,,,,,,,,,,,,,,,,,,,,,,,,,,,,,,,,
144,Shady Hill Chiropractic Clinic,4.5,,,,,,,,,,,,,,,,,,,,,,,,,,,,,,,,,,,
145,Monro Muffler Brake & Service,1.5,,,,,,,,,,,,,,,,,,,,,,,,,,,,,,,,,,,
146,McDonald's,2,casual,0,1,0,0,1,1,0,,0,1,1,0,free,,,,,,1,,0,0,0,0,0,,,,,,,Fast Food,,
147,Walter's Automotive,5,,,,,,,,,,,,,,,,,,,,,,,,,,,,,,,,,,,
148,Kelly Strayhorn Theater,4,,,,,,,,,,,1,,,,,,,,,,,,,,,,,,,,,,,,
149,Ace Lock,5,,,,,,,,,,,,1,,,,,,,,,,,,,,,,,,,,,,,
150,JJ Land Company,2.5,,,,,,,,,,,,0,,,,,,,,,,,,,,,,,,,,,,,
151,Food Glorious Food,4.5,,,2,0,,,,,,,,1,,,,,,,,,,1,0,0,0,0,,,,,,,,,
152,AAA,3,,,,,,,,,,,,,,,,,,,,,,,,,,,,,,,,,,,
153,Carnegie Library of Pittsburgh - East Liberty,5,,,,,,,,,,,,,,free,,,,,,,,,,,,,,,,,,,,,
154,Shadow Lounge,4.5,,1,1,,0,,1,1,,,0,1,,free,1,1,outdoor,,,,0,1,0,0,0,0,1,,0,1,0,,Nightlife,Bars,
155,The Home Depot,3,,,2,,,,,,,,,1,,,,,,,,,,0,0,1,0,0,,,,,,,,,
156,Pittsburgh Glass Center,4.5,,,,,,,,,,,,,,,,,,,,,,,,,,,,,,,,,,,
157,Mt. Ararat Baptist Church,5,,,,,,,,,,,,,,,,,,,,,,,,,,,,,,,,,,,
158,Hairdressers II,5,,,,,,,,,,,,0,,,,,,,,,,,,,,,,,,,,,,,
159,Shadyside Valet,3,,,2,,,,,,,,,1,,no,,,,,,,,1,0,0,0,0,,,,,,,,,
160,Midas,3.5,,,,,,,,,,,,,,,,,,,,,,,,,,,,,,,,,,,
161,Motheral,3.5,,,,,,,,,,,,,,,,,,,,,,,,,,,,,,,,,,,
162,Pizza Parma,3,casual,0,2,1,0,,1,0,1,0,1,1,0,no,,,,,,1,,1,0,1,0,0,,,,,,,Pizza,,
163,Family Vision Care,4.5,,,,,,,,,,,,,,,,,,,,,,,,,,,,,,,,,,,
164,Econowash Laundry,3,,,2,,,,,,,,,0,,no,,,,,,,,0,0,0,0,0,,,,,,,,,
165,Whole Foods Market,3.5,,,3,,,,,,,,,1,,,,,,,,,,0,0,1,0,0,,,,,,,,,
166,Prop Shop,5,,,,,,,,,,,,1,,,,,,,,,,,,,,,,,,,,,,,
167,Aamco Transmissions,4.5,,,,,,,,,,,,,,,,,,,,,,,,,,,,,,,,,,,
168,Franklin West,2,,,,,,,,,,,,,,,,,,,,,,,,,,,,,,,,,,,
169,Pittsburgh Indoor Tennis Club,4.5,,,,,,,,,,,1,,,,,,,,,,,,,,,,,,,,,,,,
170,Time Bomb Spot,4.5,,,2,,,,,,,,,1,,,,,,,,,,0,0,0,0,0,,,,,,,,,
171,Jimmy Tsang's Chinese Restaurant,3,casual,1,2,1,0,,1,,,1,1,1,1,,,,,,,1,,1,0,0,0,0,,,,,,,Chinese,,
172,Kamin Realty,1,,,,,,,,,,,,0,,,,,,,,,,,,,,,,,,,,,,,
173,Casbah,4,dressy,1,3,0,1,,1,0,1,1,0,1,1,free,1,0,no,,0,1,1,1,1,0,0,0,0,0,0,0,0,0,Nightlife,Bars,Mediterranean
174,Herbert Halsband Real Estate,4,,,,,,,,,,,,0,,,,,,,,,,,,,,,,,,,,,,,
175,Quiet Storm Vegetarian & Vegan Cafe,4,casual,0,1,0,0,,1,0,1,1,1,1,0,free,,,,,,1,,1,0,0,0,0,,,,,,,,,
176,Pizza Perfectta,4,casual,0,2,1,0,,0,0,0,0,1,1,0,no,,,,,,1,,1,0,0,0,0,,,,,,,Pizza,,
177,Point Breeze Veterinary Clinic,4.5,,,,,,,,,,,,,,,,,,,,,,,,,,,,,,,,,,,
178,Frick Park Market,4.5,,,1,,,,,,,,,1,,,,,,,,,,1,0,0,0,0,,,,,,,,,
179,East End Food Co-Op,4.5,casual,0,2,0,1,,1,0,0,0,1,1,0,free,,,,,,1,,1,0,1,0,0,,,,,,,,,
180,Construction Junction,4.5,,,,,,,,,,,,1,,,,,,,,,,,,,,,,,,,,,,,
181,Block Harvey M DMD,5,,,,,,,,,,,,,,,,,,,,,,,,,,,,,,,,,,,
182,The Climbing Wall,3.5,,,,,,,,,,,1,,,,,,,,,,,,,,,,,,,,,,,,
183,Meineke Car Care Center,3.5,,,,,,,,,,,,,,,,,,,,,,,,,,,,,,,,,,,
184,Cafe Zinho,4,casual,0,2,0,1,,1,0,1,1,0,0,1,no,,,,,,0,,1,0,0,0,0,,,,,,,Mediterranean,,
185,Frick Art & Historical Center,4,,,,,,,,,,,1,,,,,,,,,,,,,,,,,,,,,,,,
186,Angels Automotive Service,4.5,,,,,,,,,,,,,,,,,,,,,,,,,,,,,,,,,,,
187,Appliance Service Center,3.5,,,,,,,,,,,,1,,,,,,,,,,,,,,,,,,,,,,,
188,Izzazu Salon,3,,,3,,,,,,,,1,1,,,,,,,,,,0,0,0,1,0,,,,,,,,,
189,Maietta Restaurant,4,casual,0,1,1,0,,1,,,1,1,1,,,,,,,,1,,0,0,0,0,0,,,,,,,,,
190,Page Dairy Mart,4.5,,,1,,,,,,,,,0,,no,,,,,,,,0,0,1,0,0,,,,,,,,,
191,Miller Ace Hardware,4.5,,,2,,,,,,,,,1,,,,,,,,,,1,0,0,0,0,,,,,,,,,
192,Kullman's Bakery,3.5,,,2,,,,,,,,,0,,,,,,,,,,0,0,0,0,0,,,,,,,,,
193,Great Wall Chinese Food,3,,,1,1,,,,,,,,1,1,,,,,,,1,,0,0,0,0,0,,,,,,,Chinese,,
194,Alla Famiglia,4.5,dressy,1,4,0,1,,1,0,1,1,0,1,1,no,,,,,,0,,0,1,0,0,0,,,,,,,Italian,,
195,No 1 China House,2.5,,,1,1,,,,,,,,1,,no,,,,,,1,,0,0,0,0,0,,,,,,,Chinese,,
196,Dollar Bank,4,,,,,,,,,,,,,,,,,,,,,,,,,,,,,,,,,,,
197,Future Nails,2.5,,,1,,,,,,,,,1,,,,,,,,,,0,0,0,0,0,,,,,,,,,
198,Hunan Wok Chinese Takeout,2.5,casual,0,2,0,0,,0,0,0,0,0,1,0,no,,,,,,1,,0,0,0,0,0,,,,,,,Chinese,,
199,Bishop's Pizza,3,,,2,1,,,1,,,0,1,1,0,,,,,,,1,,,,,,,,,,,,,Pizza,,
200,Cost Cutters,4,,,2,,,,,,,,,1,,,,,,,,,,0,0,0,0,0,,,,,,,,,
201,Frank & Shirley's Restaurant,4,casual,0,1,0,0,,1,0,0,1,1,1,0,no,,,,,,1,,0,0,1,0,0,,,,,,,American,,
202,Bohn M J Cycle Shop,2,,,,,,,,,,,,,,,,,,,,,,,,,,,,,,,,,,,
203,DiCarlo's Original Pizza,4,casual,0,1,0,0,,0,1,,0,1,1,0,no,,,,,,1,,0,0,1,0,0,,,,,,,Pizza,Italian,
204,Roth Computer Register,1,,,2,,,,,,,,,1,,,,,,,,,,0,0,0,0,0,,,,,,,,,
205,Long John Silver's,1.5,casual,0,1,0,0,,0,1,0,0,1,1,0,no,,,,,,1,,0,0,0,0,0,,,,,,,Fast Food,Seafood,
206,Anthony's Pizza,3.5,formal,0,2,1,0,,1,1,0,1,1,1,0,no,,,,,,1,,0,0,0,0,0,,,,,,,Pizza,,
207,The Park House,4,casual,1,2,0,0,,1,1,,1,0,1,0,,1,0,no,,,1,0,1,0,0,0,0,0,0,0,1,0,0,Nightlife,Bars,
208,Sunoco A Plus,2.5,,,,,,,,,,,,,,,,,,,,,,,,,,,,,,,,,,,
209,Bernie's Photo Center,3,,,3,,,,,,,,,1,,,,,,,,,,1,0,0,0,0,,,,,,,,,
210,Max's Allegheny Tavern,4,casual,1,2,0,0,,1,1,1,1,1,1,1,no,1,0,no,,,1,0,1,0,0,0,0,0,0,0,0,0,1,Nightlife,Bars,
211,China Taste,4,casual,,1,0,0,,0,0,,,1,1,0,,,,,,,1,,0,0,0,0,0,,,,,,,Chinese,,
212,North Shore Deli,4.5,casual,0,1,0,0,,1,0,1,0,1,0,0,no,,,,,,1,,1,0,0,0,0,,,,,,,,,
213,The Priory Hotel,4,,,2,,,,,,,,,1,,free,,,,,,,,,,,,,,,,,,,,,
214,Payne Rose Marie Notary,4.5,,,,,,,,,,,,,,,,,,,,,,,,,,,,,,,,,,,
215,Key West,3.5,casual,,1,,,,,,,,,,,,,0,,,,,,,,,,,,,,,,,Nightlife,Bars,
216,Clark Bar & Grill,3.5,casual,1,2,0,0,,1,1,1,1,0,1,0,no,1,0,,,,1,0,1,0,0,1,0,,,,,,,Nightlife,Bars,American
217,Pasta Too,4,,0,,,,,,,0,,,,,,,,,,,,,,,,,,,,,,,,Pizza,,
218,Mullin's Diner,4,casual,,1,0,,,1,,,1,1,1,0,no,,,,,,1,,0,0,0,0,0,,,,,,,,,
219,BreadWorks,4.5,,,1,1,,,1,,,,1,0,0,,,,,,,,,0,0,1,0,0,,,,,,,,,
220,Ron's Pizza Palace,2.5,,0,1,1,0,,0,0,0,0,1,1,0,no,,,,,,1,,0,0,0,0,0,,,,,,,Pizza,,
221,Teutonia Mannerchor,4.5,dressy,1,2,0,0,,1,1,1,,0,1,1,free,,,,,,0,,0,0,0,0,0,,,,,,,,,
222,Billy's Troy Hill Bistro,3,casual,1,2,0,0,,1,,,1,1,1,0,,,,,,,1,,0,0,0,0,0,,,,,,,,,
223,Rangos Omnimax Theater,4.5,,,,,,,,,,,1,,,,,,,,,,,,,,,,,,,,,,,,
224,Carnegie Museums of Pittsburgh,4.5,,,1,,,,,,,,1,1,,,,,,,,,,,,,,,,,,,,,,,
225,Heinz USA,5,casual,0,1,,0,,1,0,1,0,0,,0,,,,,,,1,,0,0,0,0,0,,,,,,,,,
226,Pizza Hut,2.5,casual,,2,1,0,,1,0,0,1,0,1,0,no,,,,,,1,,0,0,0,0,0,,,,,,,Pizza,Italian,
227,Legends North Shore,4,casual,0,2,1,1,,1,1,1,1,1,1,1,no,,,,1,,1,,1,0,0,0,0,,,,,,,Italian,,
228,Caruso Beer Distributor,4.5,,,2,,,,,,,,,1,,,,,,,,,,1,0,0,0,0,,,,,,,,,
229,Subway,2.5,casual,0,1,0,0,1,1,0,1,0,1,1,0,no,,,,,,1,,0,0,1,0,0,,,,,,,Fast Food,,
230,Giant Eagle,1.5,,,2,,,,,,,,,1,,,,,,,,,,0,0,1,0,0,,,,,,,,,
231,Dave's Barber Shop,4.5,,,1,,,,,,,,,,,,,,,,,,,0,0,0,0,0,,,,,,,,,
232,Pfennig's Cleaners Inc,3,,,1,,,,,,,,,0,,no,,,,,,,,0,0,0,0,0,,,,,,,,,
233,Peanutz,2.5,casual,1,1,0,0,,1,1,,,0,1,,,,1,,,,0,,0,0,0,0,0,,,,,,,Nightlife,Bars,American
234,Cool Beans Coffee,5,,,1,,0,,,,,,,1,,no,,,,,,,,0,0,0,0,0,,,,,,,,,
235,Allegheny YMCA,4.5,,,,,,,,,,,1,,,,,,,,,,,,,,,,,,,,,,,,
236,Steves New York Hotdog Shop,4.5,casual,0,1,0,0,,0,1,0,0,1,0,0,,,,,,,1,,1,0,0,0,0,,,,,,,,,
237,Nails Today,3,,,1,,,,,,,,,1,,,,,,,,,,,,,,,,,,,,,,,
238,Lillen's Restaurant,4.5,casual,0,1,1,0,,0,1,0,0,1,1,0,no,,,,,,1,,0,0,0,0,0,,,,,,,,,
239,Atria's Restaurant,3,casual,1,2,0,1,,1,1,1,1,1,1,1,no,,,,,,1,,1,0,0,0,0,,,,,,,American,,
240,Atch-Mont Real Estate,2,,,,,,,,,,,,,,,,,,,,,,,,,,,,,,,,,,,
241,Children's Museum of Pittsburgh,5,,,,,,,,,,,1,1,,,,,,,,,,,,,,,,,,,,,,,
242,Pickles Pizza & Sandwich Emporium,3.5,casual,0,1,1,0,,0,0,0,1,1,1,0,no,,,,,,1,,1,0,0,0,0,,,,,,,Pizza,,
243,Wilson's Bar-B-Q,4,casual,0,2,0,0,,0,0,,0,1,0,0,no,,,,,,1,,1,0,0,0,0,,,,,,,Barbeque,,
244,Pittsburgh Steelers,4.5,,,,,,,,,,,1,,,,,,,,,,,,,,,,,,,,,,,,
245,The Isaly Company,3.5,casual,0,1,0,0,,1,1,,0,1,1,0,no,,,,,,1,,0,0,0,0,0,,,,,,,,,
246,Pittsburgh Pirates,3,,,,,,,,,,,1,,,,,,,,,,,,,,,,,,,,,,,,
247,St Anthony's Chapel,4,,,,,,,,,,,,,,,,,,,,,,,,,,,,,,,,,,,
248,Lester Yon Auto Repair,4,,,,,,,,,,,,,,,,,,,,,,,,,,,,,,,,,,,
249,Nick's Place,3.5,casual,0,2,1,0,,0,0,,0,0,1,0,no,,,,,,1,,0,0,0,0,0,,,,,,,Pizza,,
250,Three Dogs & A Cat Grooming Salon,5,,,,,,,,,,,,,,,,,,,,,,,,,,,,,,,,,,,
251,Tom Fridays Market,5,,,1,,,,,,,,,1,,,,,,,,,,1,0,0,0,0,,,,,,,,,
252,Wiseguys Pizza,3.5,casual,,2,1,0,,1,0,,,1,1,1,,,,,,,1,,,,,,,,,,,,,Pizza,,
253,Miller's Seafood House,3,casual,1,2,0,0,,1,1,,1,1,1,0,no,,,,,,1,,0,0,1,0,0,,,,,,,Seafood,,
254,Chubby's Pizza & Hoagies Northside,3,casual,0,1,1,0,,0,1,0,1,1,1,0,no,,,,,,1,,1,0,0,0,0,,,,,,,Pizza,,
255,Arbors B & B,4.5,,,,,,,,,,,,1,,free,,,,,,,,,,,,,,,,,,,,,
256,Schorr Bakery,4,,,2,0,,,,,,,,1,,,,,,,,,,1,0,0,0,0,,,,,,,,,
257,All the Best Catering,4,,,,,,,,,,,,1,,,,,,,,,,,,,,,,,,,,,,,
258,West Liberty Animal Hospital,5,,,,,,,,,,,,,,,,,,,,,,,,,,,,,,,,,,,
259,Knossos Gyros & Sis-Kabob,3.5,casual,,1,1,,,0,1,,,1,1,0,,,,,,,1,,0,0,0,0,0,,,,,,,Greek,,
260,The Exchange,3.5,,,2,,,,,,,,,1,,,,,,,,,,0,0,0,0,0,,,,,,,,,
261,Pennzoil 10 Minute Oil Change Center,2,,,,,,,,,,,,,,,,,,,,,,,,,,,,,,,,,,,
262,Apple Inn,3.5,,1,1,,0,,1,1,,,,1,,,1,,yes,,,,0,0,0,0,0,0,0,0,0,0,1,0,Nightlife,Bars,
263,Moonstones,4,,,2,,,,,,,,,1,,,,,,,,,,1,0,0,0,0,,,,,,,,,
264,Entertainment Unlimited Inc,4,,,,,,,,,,,,1,,,,,,,,,,,,,,,,,,,,,,,
265,Kuhn's Market,4,,,2,,,,,,,,,1,,,,,,,,,,0,0,1,0,0,,,,,,,,,
266,Tonys Barber Shop,2,,,2,,,,,,,,,0,,,,,,,,,,0,0,0,0,0,,,,,,,,,
267,Persona Hair & Spa,3,,,3,,,,,,,,0,1,,,,,,,,,,0,0,0,0,0,,,,,,,,,
268,West Liberty Cycles,4.5,,,,,,,,,,,1,1,,,,,,,,,,1,0,0,0,0,,,,,,,,,
269,The Coffee Tree Roasters,3.5,,,2,,1,,,,,,,1,,free,,,,,,,,1,0,0,0,0,,,,,,,,,
270,Huddle,4,casual,1,1,0,0,,1,1,0,1,0,0,0,no,1,0,no,,,1,0,1,0,0,0,0,0,0,0,0,1,0,Nightlife,Bars,
271,Sushi Three,3.5,casual,1,2,1,0,,1,0,0,1,1,1,1,free,,,,,,1,,1,0,0,0,0,,,,,,,Sushi Bars,Japanese,
272,Green Garden,2.5,,0,2,1,0,,1,0,,0,1,1,0,no,,,,,,1,,,,,,,,,,,,,Chinese,,
273,Breaker's,4,,1,1,,0,,1,1,,,,1,,,1,0,,,,,,,,,,,,,,,,,Nightlife,Bars,
274,Tom's Diner,3.5,casual,beer_and_wine,1,0,0,,1,1,0,1,1,1,0,no,,,,,,1,,1,0,0,0,0,,,,,,,,,
275,Vasta,2.5,,,,,,,,,,,,,,,,,,,,,,,,,,,,,,,,,,,
276,Potomac Bakery,3.5,,,2,0,,,,,,,,1,,,,,,,,,,1,0,0,0,0,,,,,,,,,
277,Days Inn Pittsburgh,2,,,2,,,,,,,,,1,,free,,,,,,,,,,,,,,,,,,,,,
278,Beto's Pizza,4,casual,0,1,0,0,,1,0,0,0,1,1,0,no,,,,,,1,,0,0,1,0,0,,,,,,,Pizza,,
279,Suburban Dry Cleaners,3,,,2,,,,,,,,,1,,free,,,,,,,,0,0,0,0,0,,,,,,,,,
280,Scoops On Beverly,4,,,1,,,,,,,,,1,,no,,,,,,,,1,0,0,0,0,,,,,,,,,
281,Banksville Beer,3,,,2,,,,,,,,,1,,,,,,,,,,0,0,0,0,0,,,,,,,,,
282,Slapshots,2.5,,,,,,,1,,,,0,1,0,,,,,,,0,,,,,,,,,,,,,Nightlife,Bars,American
283,Eat'n Park Restaurant,3.5,casual,0,1,0,0,0,1,0,0,1,1,1,0,no,,,,,,1,,0,0,1,0,0,,,,,,,Fast Food,American,
284,Dairy Queen,3.5,casual,,1,0,1,0,1,0,,,1,1,0,,,,,,,1,,0,0,1,0,0,,,,,,,Fast Food,,
285,PICT Classic Theatre,5,,,,,,,,,,,1,,,,,,,,,,,,,,,,,,,,,,,,
286,Lighting by Erik Inc,2.5,,,,,,,,,,,,1,,,,,,,,,,,,,,,,,,,,,,,
287,Metro Heating & Cooling Corp,3.5,,,,,,,,,,,,1,,,,,,,,,,,,,,,,,,,,,,,
288,Cain's Saloon,3.5,casual,1,2,0,0,,1,1,0,1,0,1,0,free,1,0,no,,,1,0,1,0,0,0,0,0,0,0,0,1,1,American,,
289,The Laundry Basket,4.5,,,2,,,,,,,,,1,,free,,,,,,,,1,0,0,0,0,,,,,,,,,
290,Dormont Floral Designs,3.5,,,3,,,,,,,,,1,,,,,,,,,,0,0,0,0,0,,,,,,,,,
291,The Dor-Stop Restaurant,4.5,casual,0,1,0,0,,1,0,0,1,1,1,0,no,,,,,,1,,1,0,0,0,0,,,,,,,Breakfast & Brunch,,
292,Campiti's Don Pizzeria,3.5,casual,0,1,0,0,,1,1,0,0,1,1,0,free,,,,,,1,,1,0,0,0,0,,,,,,,Pizza,,
293,Geno Como Salon,3,,,3,,,,,,,,1,1,,,,,,,,,,1,0,1,0,0,,,,,,,,,
294,Martik Family Dental LLC,5,,,,,,,,,,,,,,,,,,,,,,,,,,,,,,,,,,,
295,Namaste India,3,casual,0,2,0,0,,1,1,,1,1,1,1,no,,,,,,1,,0,0,1,0,0,,,,,,,Indian,,
296,Maharaja Restaurant,3.5,casual,beer_and_wine,1,,0,,1,1,,1,1,1,0,,,,,,,1,,0,0,1,0,0,,,,,,,Indian,,
297,Arby's,2.5,,,,0,,,1,,0,,1,1,0,,,,,,,1,,,,,,,,,,,,,Fast Food,,
298,Market On Broadway IGA,3,,,1,,,,,,,,,1,,,,,,,,,,1,0,0,0,0,,,,,,,,,
299,Bado's Pizza Grill And Ale House,3.5,casual,1,2,1,1,,1,1,1,1,1,1,1,free,,0,no,,,1,0,1,0,0,0,0,0,,,,,,Nightlife,Pizza,Bars
300,Little Nipper's Pizza,2.5,,,2,1,,,1,,,,,1,,,,,,,,1,,0,0,0,0,0,,,,,,,Pizza,,
301,Dormont Lanes,4,,,,,,,,,,,1,,,,,,,,,,,,,,,,,,,,,,,,
302,The Botanical Emporium Florist & Greenhouse,4,,,2,1,,,,,,,,1,,,,,,,,,,0,0,0,0,0,,,,,,,,,
303,Heckman Lee Custom Framing & Gallery,3,,,,,,,,,,,,,,,,,,,,,,,,,,,,,,,,,,,
304,Supercuts,3.5,,,1,,,,,,,,1,1,,,,,,,,,,0,0,1,0,0,,,,,,,,,
305,Blooming Dahlia,4.5,,,2,,,,,,,,,1,,,,,,,,,,1,0,0,0,0,,,,,,,,,
306,Staples,3.5,,,2,,,,,,,,,1,,,,,,,,,,0,0,0,0,0,,,,,,,,,
307,"ADT Security Services, Inc.",1,,,,,,,,,,,,1,,,,,,,,,,,,,,,,,,,,,,,
308,McBroom Distributor,3.5,,,2,,,,,,,,,1,,,,,,,,,,1,0,0,0,0,,,,,,,,,
309,D's Six Pax & Dogz,4.5,casual,beer_and_wine,2,0,0,,1,1,1,1,1,1,0,free,1,0,no,0,,1,0,1,0,0,0,0,,,,,0,,Nightlife,Bars,
310,Candalina Brides,2,,,2,,,,,,,,,1,,,,,,,,,,0,0,0,0,0,,,,,,,,,
311,Regency Cleaners,2,,,,,,,,,,,,1,,,,,,,,,,0,0,0,0,0,,,,,,,,,
312,Pub In the Park,4.5,,1,1,,0,,1,1,,,,1,,,1,,outdoor,,,,0,,,,,,0,0,0,0,1,0,Nightlife,Bars,
313,Murphy's Tap Room,3,,,,,,,,,,,,,,,,,,,,,,,,,,,,,,,,,Nightlife,Bars,
314,Edgewood Dental Associates,4.5,,,,,,,,,,,,,,,,,,,,,,,,,,,,,,,,,,,
315,Dunning's Grill,3,casual,1,2,0,0,,1,1,,1,1,1,0,no,,,,,,1,,1,0,0,0,0,,,,,,,American,,
316,Ambiance Boutique,4,,,2,,,,,,,,,1,,,,,,,,,,0,0,0,0,0,,,,,,,,,
317,The Square Wash,4.5,,,2,,,,,,,,,0,,no,,,,,,,,0,0,0,0,0,,,,,,,,,
318,Taco Bell,3,casual,0,1,0,0,1,1,0,0,0,1,1,0,no,,,,,,1,,0,0,0,0,0,,,,,,,Fast Food,Mexican,
319,Katerbean,2,,,1,,1,,,,,,,0,,free,,,,,,,,1,0,0,0,0,,,,,,,,,
320,Edgewood Shoe Repair,5,,,,,,,,,,,,1,,,,,,,,,,,,,,,,,,,,,,,
321,Rudy Martino Original House of Submarines,5,casual,0,1,0,0,,1,,,0,1,0,0,no,,,,,,1,,0,0,0,0,0,,,,,,,,,
322,Master's Hardware,5,,,1,,,,,,,,,1,,,,,,,,,,0,0,0,0,0,,,,,,,,,
323,Perla's Appliance Sales & Service,3.5,,,2,,,,,,,,,1,,,,,,,,,,1,0,0,0,0,,,,,,,,,
324,China House II,3.5,casual,,1,0,0,,1,,,0,1,1,0,,,,,,,1,,0,0,0,0,0,,,,,,,Chinese,,
325,Triangle Bar & Grill,4.5,casual,1,1,0,0,,1,1,0,0,0,0,0,no,0,0,no,,,1,0,1,0,0,0,0,0,0,0,0,0,0,Nightlife,Bars,
326,Veltre's Pizza,4,casual,0,2,1,0,,1,,1,0,1,1,0,,,,,,,1,,0,0,0,0,0,,,,,,,Pizza,,
327,Giant Eagle,2.5,,,2,,,,,,,,,1,,,,,,,,,,0,0,1,0,0,,,,,,,,,
328,Wendy's,2.5,casual,0,1,0,0,,1,0,,0,1,1,0,no,,,,,,1,,,,,,,,,,,,,Fast Food,,
329,Kmart,2,,,2,,,,,,,,,1,,,,,,,,,,0,0,1,0,0,,,,,,,,,
330,The Edgewood Club,4.5,,,,,,,,,,,1,,,,,,,,,,,,,,,,,,,,,,,,
331,"Gleason Paul J, DMD",5,,,,,,,,,,,,,,,,,,,,,,,,,,,,,,,,,,,
332,Styles by Cardamone Salon & Day Spa,5,,,2,,,,,,,,,1,,,,,,,,,,0,0,0,0,0,,,,,,,,,
333,Applebee's,2.5,casual,1,2,0,0,0,1,1,,1,1,1,0,no,1,0,,,,1,0,0,0,0,0,0,0,0,0,0,0,1,Nightlife,Bars,American
334,Bp Oil Company,4,,,,,,,,,,,,,,,,,,,,,,,,,,,,,,,,,,,
335,Benihana,3,casual,1,3,0,0,,1,1,1,1,1,1,1,no,1,0,no,,,1,1,0,0,1,0,0,,,,,,,Sushi Bars,Japanese,
336,Mad Mex - South Hills,3.5,casual,1,2,0,1,,1,1,1,1,1,1,0,free,,,,,,1,,0,0,1,0,0,,,,,,,Mexican,,
337,Pizza Hut,2,,,1,1,,,,,0,,1,1,0,,,,,,,1,,,,,,,,,,,,,Pizza,Italian,
338,Crate,3.5,,,2,,,,,,,,,1,,,,,,,,,,0,0,1,0,0,,,,,,,,,
339,Crouse Wayne Beer Distributor,5,,,2,,,,,,,,,1,,,,,,,,,,0,0,0,0,0,,,,,,,,,
340,Giant Eagle,3,,,2,,,,,,,,,1,,,,,,,,,,0,0,1,0,0,,,,,,,,,
341,Greentree Hardware,4,,,1,,,,,,,,,1,,,,,,,,,,0,0,1,0,0,,,,,,,,,
342,Max & Erma's,2.5,casual,1,2,0,0,0,1,1,1,1,1,1,0,free,,,,,,1,,0,0,1,0,0,,,,,,,American,,
343,Model Cleaners,1,,,4,,,,,,,,,1,,no,,,,,,,,0,0,0,0,0,,,,,,,,,
344,Jiffy Lube,4,,,,,,,,,,,,,,,,,,,,,,,,,,,,,,,,,,,
345,National Tire & Battery,2.5,,,2,,,,,,,,,1,,,,,,,,,,0,0,0,0,0,,,,,,,,,
346,Wendy's,1.5,casual,,2,0,,1,1,0,,,1,1,0,,,,,,,1,,,,,,,,,,,,,Fast Food,,
347,Bruegger's Bagels,3,,,1,0,,,,,,,1,1,,,,,,,,1,,0,0,0,0,0,,,,,,,Breakfast & Brunch,,
348,Manor Oak Barber Shop,5,,,1,,,,,,,,,0,,,,,,,,,,,,,,,,,,,,,,,
349,Sichuan House Chinese Restaurant,3.5,casual,,2,1,0,,1,,,1,,1,,,,,,,,1,,0,0,0,0,0,,,,,,,Chinese,,
350,Starbucks,4.5,,,2,,0,,,,,,,1,,free,,,,,,,,0,0,1,0,0,,,,,,,,,
351,Panera Bread,3.5,casual,0,2,0,0,,1,0,1,0,1,1,0,free,,,,,,1,,0,0,0,1,0,,,,,,,,,
352,Phil's Archery Supplies,5,,,4,,,,,,,,,1,,,,,,,,,,0,0,0,0,0,,,,,,,,,
353,Three Rivers Regatta,4,,,,,,,,,,,,,,,,,,,,,,,,,,,,,,,,,,,
354,Aracri's Greentree Inn,4,casual,1,3,0,0,,1,1,,,1,1,1,no,,,,,,1,,,,,,,,,,,,,American,,
355,Tramp's Restaurant,3,casual,1,1,0,0,,1,1,1,1,0,1,0,free,1,0,,,,1,,0,0,0,0,0,,,,,,,Nightlife,Bars,American
356,Vincent's of Greentree,3.5,casual,1,2,1,1,,1,1,1,1,1,1,0,no,,,,,,1,,0,0,1,0,0,,,,,,,Pizza,Italian,
357,Better-Maid Donut,4.5,,,1,0,,,,,,,,0,,,,,,,,,,1,0,0,0,0,,,,,,,,,
358,Pennsylvania Turnpike Comm,2,,,,,,,,,,,,,,,,,,,,,,,,,,,,,,,,,,,
359,Parkway Center Mall,1,,,1,,,,,,,,,1,,,,,,,,,,0,0,1,0,0,,,,,,,,,
360,Best Western - Parkway Center Inn,3.5,,,2,,,,,,,,,1,,free,,,,,,,,,,,,,,,,,,,,,
361,Olive Garden Italian Restaurant,3.5,casual,1,2,0,0,,1,1,1,1,1,1,1,no,1,0,no,,,1,0,0,0,1,0,0,0,,,,,,Nightlife,Bars,Italian
362,Holiday Inn Express & Suites Pittsburgh West - Greentree,4,,,2,,,,,,,,,1,,free,,,,,,,,,,,,,,,,,,,,,
363,Clarion Hotel,1.5,,,2,,,,,,,,,1,,free,,,,,,,,,,,,,,,,,,,,,
364,Boston Market,4,casual,0,1,0,0,,1,0,0,0,1,1,0,free,,,,,,1,,0,0,1,0,0,,,,,,,American,,
365,Einstein Bros Bagels,2.5,,,1,,,,,,,,,1,,,,,,,,,,0,0,1,0,0,,,,,,,,,
366,Starbucks,3.5,,,2,,1,,,,,,,1,,free,,,,,,,,0,0,0,1,0,,,,,,,,,
367,Kelley's Tailoring & Custom Design,5,,,,,,,,,,,,1,,,,,,,,,,,,,,,,,,,,,,,
368,Princess Nails,1,,,2,,,,,,,,,1,,,,,,,,,,0,0,0,0,0,,,,,,,,,
369,MCN Salon,4,,,3,,,,,,,,0,1,,,,,,,,,,0,0,1,0,0,,,,,,,,,
370,Kenny's Nail Center,2.5,,,2,,,,,,,,,1,,,,,,,,,,1,0,0,0,0,,,,,,,,,
371,Soho,3,casual,1,2,0,0,,1,1,0,1,1,1,1,free,,,,,,1,,1,0,0,0,0,,,,,,,American,,
372,Original Fish Market,2.5,casual,1,3,0,1,,1,1,0,1,0,1,1,free,,,,0,0,1,,0,1,0,1,1,,,,,,,Seafood,,
373,Opening Night Caterers,5,,,,,,,,,,,,1,,,,,,,,,,,,,,,,,,,,,,,
374,Bossa Nova,2.5,casual,1,3,0,1,,1,0,,1,0,1,1,,1,1,yes,,,,0,0,0,0,1,0,,,,,,,Nightlife,Bars,
375,Monro Muffler Brake & Service,2,,,,,,,,,,,,,,,,,,,,,,,,,,,,,,,,,,,
376,Olive Or Twist,3.5,casual,1,2,0,1,,1,1,0,1,0,1,1,free,1,0,outdoor,,,1,0,1,0,0,1,0,0,,,,,,Nightlife,Bars,American
377,Sunseri Jimmy & Nino,4,casual,0,1,0,1,,0,0,1,0,1,1,0,no,,,,,,1,,1,0,0,0,0,,,,,,,Italian,,
378,Port Authority of Allegheny County,2.5,,,,,,,,,,,,,,,,,,,,,,,,,,,,,,,,,,,
379,St Mary of Mercy Church,4.5,,,,,,,,,,,,,,,,,,,,,,,,,,,,,,,,,,,
380,Jo Jo's Restaurant,3.5,casual,0,1,0,0,,0,,,1,1,0,0,,,,,,,1,,1,0,0,0,0,,,,,,,American,,
381,Labad's,4.5,,,1,,,,,,,,,1,,,,,,,,,,1,0,0,0,0,,,,,,,,,
382,Avis Rent A Car,3,,,,,,,,,,,,,,,,,,,,,,,,,,,,,,,,,,,
383,Penn Fixture & Supply Co,4.5,,,2,,,,,,,,,1,,,,,,,,,,1,0,0,0,0,,,,,,,,,
384,Primanti Bros,3.5,casual,1,1,0,1,,1,1,0,1,1,1,0,no,,,,,,1,,1,0,0,0,0,,,,,,,,,
385,Monte Cello's Downtown,3,casual,0,1,0,0,,1,0,0,0,1,1,0,,,,,,,1,,,,,,,,,,,,,Pizza,Italian,
386,McDonald's,2.5,casual,0,1,0,0,,0,0,0,,0,1,0,free,,,,,,1,,0,0,0,0,0,,,,,,,Fast Food,,
387,Reyna Foods,4.5,casual,0,1,0,1,,1,0,0,0,1,1,0,no,,,,,,1,,1,0,0,0,0,,,,,,,Mexican,,
388,Roland's Seafood Grill,2.5,casual,1,2,0,1,,1,1,1,1,1,1,0,no,,,,,,1,,1,0,0,0,0,,,,,,,Seafood,,
389,Jos A Bank,2,,,3,,,,,,,,,1,,,,,,,,,,,,,,,,,,,,,,,
390,Nicholas Coffee,4,,,1,,1,,,,,,,1,,no,,,,,,,,1,0,0,0,0,,,,,,,,,
391,Salonika Gyros,3.5,casual,1,1,0,0,,1,1,0,0,1,1,0,,,,,,,1,,1,0,0,0,0,,,,,,,Mediterranean,Greek,
392,Cvs/Pharmacy,1.5,,,1,,,,,,,,,1,,,,,,,,,,0,0,0,1,0,,,,,,,,,
393,Brown Bag Delis,2.5,casual,0,1,1,0,,1,0,,0,1,1,0,,,,,,,1,,0,0,0,0,0,,,,,,,,,
394,La Gondola Pizzeria & Restaurant,4.5,casual,0,1,1,1,,1,0,0,,1,1,0,no,,,,,,1,,0,0,0,0,0,,,,,,,Italian,,
395,Christos Mediterranean Grille,3,casual,beer_and_wine,2,1,1,,1,0,1,1,1,1,1,no,,,,,,1,,1,0,0,0,0,,,,,,,Mediterranean,Middle Eastern,Greek
396,Spaghetti Warehouse,2.5,casual,1,2,0,0,,1,0,1,1,1,1,1,no,,,,,,1,,0,0,1,0,0,,,,,,,Italian,,
397,Hair By Design,5,,,2,,,,,,,,,1,,,,,,,,,,1,0,1,0,0,,,,,,,,,
398,Society For Contemporary Craft,4,,,3,,,,,,,,0,1,,,,,,,,,,1,0,0,0,0,,,,,,,,,
399,Morton's The Steakhouse,4,dressy,1,4,1,0,,1,0,1,1,0,1,1,free,,,,,,1,,0,1,0,0,0,,,,,,,,,
400,New Sambok Oriental Foods,4,,,1,,,,,,,,,1,,,,,,,,,,1,0,0,0,0,,,,,,,,,
401,Gateway Center Cafeteria,4,casual,0,1,0,0,,1,1,1,0,1,1,0,no,,,,,,1,,0,0,0,0,0,,,,,,,,,
402,America's Best Contacts & Eyeglasses,2.5,,,2,,,,,,,,,1,,,,,,,,,,0,0,0,0,0,,,,,,,,,
403,Au Bon Pain Co,3,,,1,0,,,,,,,,1,,,,,,,,,,0,0,0,0,0,,,,,,,,,
404,The Pennsylvanian,2,,,,,,,,,,,,,,,,,,,,,,,,,,,,,,,,,,,
405,Saks Fifth Avenue,3,,,,,,,,,,,,1,,,,,,,,,,0,0,0,0,0,,,,,,,,,
406,Weldins,2.5,,,3,,,,,,,,,1,,,,,,,,,,1,0,0,1,0,,,,,,,,,
407,Mamma Lucia Pizza,4,casual,0,1,1,0,,1,0,0,0,1,1,0,no,,,,,,1,,0,0,0,0,0,,,,,,,Pizza,,
408,Pittsburgh Opera,4.5,,,,,,,,,,,1,1,,,,,,,,,,,,,,,,,,,,,,,
409,Elite Coach Limousine,2.5,,,,,,,,,,,,,,,,,,,,,,,,,,,,,,,,,,,
410,Peppi's,4,casual,0,1,0,0,,1,0,,0,1,1,0,,,,,,,1,,1,0,0,0,0,,,,,,,,,
411,La Prima Espresso Co,4.5,,,1,,1,,,,,,,1,,no,,,,,,,,1,0,0,0,0,,,,,,,,,
412,Pegasus Lounge,3,,1,2,,0,,1,1,,,,1,,,,,no,,,,0,0,0,0,0,0,1,,0,0,0,,Nightlife,Bars,
413,Cardamone's Salon,4.5,,,3,,,,,,,,1,1,,,,,,,,,,0,0,0,1,0,,,,,,,,,
414,Pittsburgh CLO,4.5,,,,,,,,,,,1,1,,,,,,,,,,,,,,,,,,,,,,,
415,Fifth Avenue Beanery,4,,,1,,1,,,,,,,0,,no,,,,,,,,0,0,0,0,0,,,,,,,,,
416,Buon Giorno Cafe,3.5,casual,,2,1,0,,0,0,,1,1,1,0,,,,,,,1,,0,0,0,0,0,,,,,,,Italian,,
417,Lotus Food,4,,,1,,,,,,,,,1,,,,,,,,,,1,0,0,0,0,,,,,,,,,
418,Reweaving & Reknitting Shop,5,,,,,,,,,,,,0,,,,,,,,,,,,,,,,,,,,,,,
419,Jim Ludwig's Blumengarten Florist,4,,,2,1,,,,,,,,1,,,,,,,,,,1,0,1,0,0,,,,,,,,,
420,Madonna's Restaurant,4,casual,0,1,0,0,,1,0,0,0,1,0,0,no,,,,,,1,,1,0,0,0,0,,,,,,,Mexican,,
421,Smithfield Cafe,3.5,casual,1,1,0,0,,1,1,,1,1,1,0,no,,,,,,1,,1,0,0,0,0,,,,,,,American,,
422,Carnegie Library of Pittsburgh,5,,,,,,,,,,,,,,free,,,,,,,,,,,,,,,,,,,,,
423,Cool Beans Coffee,3,,,,,,,,,,,,,,,,,,,,,,,,,,,,,,,,,,,
424,Roxanne's Dried Flowers,4,,,2,,,,,,,,,1,,,,,,,,,,1,0,0,0,0,,,,,,,,,
425,Heidioptics,5,,,3,,,,,,,,,1,,,,,,,,,,1,0,0,0,0,,,,,,,,,
426,Andy's Sushi Bar,4,casual,0,2,0,0,,0,0,0,0,1,1,0,no,,,,,,1,,1,0,0,0,0,,,,,,,Sushi Bars,,
427,Fort Pitt Candy Co,3,,,2,,,,,,,,,,,,,,,,,,,,,,,,,,,,,,,,
428,Sushi Kim Restaurant,3,casual,beer_and_wine,2,0,0,,1,0,1,1,1,1,1,no,,,,,,1,,1,0,0,0,0,,,,,,,Sushi Bars,Korean,
429,Pittsburgh Public Theater,4,,,,,,,,,,,0,,,,,,,,,,,,,,,,,,,,,,,,
430,Pittsburgh City Paper,3,,,,,,,,,,,,,,,,,,,,,,,,,,,,,,,,,,,
431,The Midwife Center For Birth & Women's Health,4.5,,,,,,,,,,,,,,,,,,,,,,,,,,,,,,,,,,,
432,Redfin Blues,2.5,casual,1,2,0,1,,1,1,0,1,1,1,0,,,,,,,1,,0,0,1,0,0,,,,,,,Seafood,,
433,Pittsburgh Chiropractic Associates,5,,,,,,,,,,,,,,,,,,,,,,,,,,,,,,,,,,,
434,Hot Haute Hot,4,,,3,,,,,,,,,1,,,,,,,,,,1,0,0,0,0,,,,,,,,,
435,Kim DO Oriental Grocery,3.5,,,1,,,,,,,,,1,,,,,,,,,,1,0,0,0,0,,,,,,,,,
436,Denham & Company Salon,4.5,,,2,,,,,,,,1,1,,,,,,,,,,1,0,0,0,0,,,,,,,,,
437,Arby's,1.5,casual,0,1,0,0,,0,,,0,0,1,0,,,,,,,1,,0,0,0,0,0,,,,,,,American,,
438,F. Tambellini Ristorante,2,casual,1,2,0,0,,1,,,1,1,1,1,,,,,,,1,,0,0,0,1,0,,,,,,,Italian,,
439,Sognatore,4,,,3,,,,,,,,1,1,,,,,,,,,,0,0,1,0,0,,,,,,,,,
440,Caffe Amante,3.5,dressy,1,2,0,0,,1,1,,1,,1,1,,,,,,,1,,0,0,0,0,0,,,,,,,,,
441,Bucci Jewelry,5,,,2,,,,,,,,,1,,,,,,,,,,0,0,0,0,0,,,,,,,,,
442,Healthquest Chiropractic,5,,,,,,,,,,,,,,,,,,,,,,,,,,,,,,,,,,,
443,Villa Reale Pizzeria & Restaurant,3.5,casual,1,2,1,0,,1,1,1,1,1,1,1,no,,,,,,1,,1,0,0,0,0,,,,,,,Pizza,,
444,Salon Nuvo,4.5,,,2,,,,,,,,1,1,,,,,,,,,,1,0,0,0,0,,,,,,,,,
445,Ruths Chris Steak House,4,dressy,1,4,0,0,,1,1,0,1,0,1,1,no,,,,,,1,,0,0,0,0,1,,,,,,,,,
446,Ullrich Shoe Repair,4,,,,,,,,,,,,1,,,,,,,,,,,,,,,,,,,,,,,
447,Gabriel Shoe Repair,4.5,,,,,,,,,,,,0,,,,,,,,,,,,,,,,,,,,,,,
448,Smithfield News,4,,,1,,,,,,,,,1,,,,,,,,,,1,0,0,0,0,,,,,,,,,
449,Papa J's Centro,3,casual,1,2,0,0,,1,1,,1,1,1,1,,,,,,,1,,0,0,0,0,0,,,,,,,Italian,,
450,George's Tailor Shop,4.5,,,,,,,,,,,,0,,,,,,,,,,,,,,,,,,,,,,,
451,Images Bar,3.5,,1,1,,0,,1,1,,,,1,,,1,1,yes,,,,0,1,0,0,0,0,1,,,,,,Nightlife,Bars,
452,Mon Aimee Chocolat,3.5,,,2,,,,,,,,,1,,,,,,,,,,1,0,0,0,0,,,,,,,,,
453,Einstein Bagels,4,,,1,,,,,,,,,1,,,,,,,,,,0,0,0,0,0,,,,,,,,,
454,Stan's Market,3.5,,,1,,,,,,,,,1,,,,,,,,,,1,0,0,0,0,,,,,,,,,
455,Klavon's Ice Cream Parlor,4,,,1,0,,,,,0,,,1,0,no,,,,,,1,,1,0,1,0,0,,,,,,,,,
456,Healing Touch Massage Therapy,4.5,,,,,,,,,,,,,,,,,,,,,,,,,,,,,,,,,,,
457,Courtyard Pittsburgh Downtown,3.5,,,2,,,,,,,,,1,,free,,,,,,,,,,,,,,,,,,,,,
458,Smallman Street Deli,4,casual,0,1,0,1,,1,1,1,0,1,1,0,,,,,,,1,,0,0,1,0,0,,,,,,,,,
459,Subway,3.5,casual,0,1,0,0,,1,0,1,0,1,1,0,,,,,,,1,,,,,,,,,,,,,Fast Food,,
460,Pittsburgh Rug Company,5,,,2,,,,,,,,,1,,,,,,,,,,,,,,,,,,,,,,,
461,Benedum Center for the Performing Arts,4.5,,,,,,,,,,,1,,,,,,,,,,,,,,,,,,,,,,,,
462,Tunnel O Suds,4.5,,,,,,,,,,,,,,,,,,,,,,,,,,,,,,,,,,,
463,Max & Erma's Restaurants,3.5,casual,1,2,0,0,,1,1,,1,1,1,0,no,,,,,,1,,1,0,0,0,0,,,,,,,American,,
464,Liang's Hunan Restaurant,1.5,casual,beer_and_wine,1,1,0,,1,,,,1,,1,,,,,,,1,,,,,,,,,,,,,Chinese,,
465,1902 Tavern,2.5,casual,1,3,0,1,,1,,,1,1,1,1,,,,,,,,,0,0,0,0,0,,,,,,,American,,
466,Mike Feinberg Company,4.5,,,2,,,,,,,,,1,,,,,,,,,,0,0,0,0,0,,,,,,,,,
467,Wiener World,3.5,casual,0,1,0,0,,0,0,,0,1,0,0,no,,,,,,1,,0,0,0,0,0,,,,,,,,,
468,Sammy's Famous Corned Beef,2.5,casual,beer_and_wine,1,0,0,,0,1,0,0,0,1,0,,,,,,,1,,1,0,0,0,0,,,,,,,,,
469,First Presbyterian Church of Pittsburgh,2.5,,,,,,,,,,,,,,,,,,,,,,,,,,,,,,,,,,,
470,Mahoney's Restaurant,2.5,casual,1,2,0,0,,1,1,0,1,1,1,0,no,1,0,,,,1,0,1,0,0,0,0,,,,,,,Nightlife,Bars,
471,Fortunes Coffee Roastery,4,,,2,,1,,,,,,,1,,,,,,,,,,1,0,0,0,0,,,,,,,,,
472,Wood Street Galleries,4,,,1,,,,,,,,1,0,,,,,,,,,,1,0,0,1,0,,,,,,,,,
473,Amtrak,2.5,,,,,,,,,,,,,,,,,,,,,,,,,,,,,,,,,,,
474,Fu Lai Chinese Restaurant,2.5,casual,0,1,1,0,,0,0,,0,0,1,0,no,,,,,,1,,1,0,0,0,0,,,,,,,Chinese,,
475,Mark's Grille & Catering,3.5,casual,1,1,0,0,,1,,,1,0,1,0,,,,,,,,,0,0,0,0,0,,,,,,,American,,
476,Stamoolis Brothers Company,4.5,,,2,,,,,,,,,1,,,,,,,,,,1,0,0,0,0,,,,,,,,,
477,Galardi's 30 Minute Cleaners,2.5,,,2,,,,,,,,,1,,no,,,,,,,,0,0,0,0,0,,,,,,,,,
478,Gene Sanes,5,,,,,,,,,,,,,,,,,,,,,,,,,,,,,,,,,,,
479,Pennsylvania Macaroni Co,4.5,,,2,,,,,,,,,1,,,,,,,,,,1,0,0,0,0,,,,,,,,,
480,Harris Theater,4,,,,,,,,,,,0,,,,,,,,,,,,,,,,,,,,,,,,
481,Gateway Eye Assocs,3,,,,,,,,,,,,,,,,,,,,,,,,,,,,,,,,,,,
482,Penn Animal Hospital,4.5,,,,,,,,,,,,,,,,,,,,,,,,,,,,,,,,,,,
483,Zorba's Gyros,3.5,casual,0,1,0,0,,1,0,0,0,1,0,0,no,,,,,,1,,1,0,0,0,0,,,,,,,Greek,,
484,Prestogeorge Coffee & Tea,4.5,,,2,,1,,,,,,,1,,no,,,,,,,,1,0,0,0,0,,,,,,,,,
485,Lidia's,3.5,casual,1,3,0,0,,1,0,1,1,0,1,1,no,,,,,,1,,1,0,0,0,0,,,,,,,Italian,,
486,Sports Rock Cafe,2.5,casual,1,2,0,1,,1,,,1,0,1,0,,,,,,,1,,1,0,0,0,0,,,,,,,American,,
487,Ephesus Mediterranean Kitchen,3.5,casual,0,2,1,0,,1,0,1,0,1,1,0,no,,,,,,1,,1,0,0,0,0,,,,,,,Pizza,,
488,Peppi's,4,casual,0,1,1,0,0,1,0,1,0,1,1,0,no,,,,,,1,,1,0,0,0,0,,,,,,,,,
489,Renaissance Pittsburgh Hotel,4,,,3,,,,,,,,,1,,free,,,,,,,,,,,,,,,,,,,,,
490,David L. Lawrence Convention Center,3.5,,,,,,,,,,,,1,,,,,,,,,,,,,,,,,,,,,,,
491,"The Westin Convention Center, Pittsburgh",3.5,,,3,,,,,,,,,1,,free,,,,,,,,,,,,,,,,,,,,,
492,Original Oyster House,3,casual,1,1,0,1,,1,1,1,1,1,0,0,no,,,,,,1,,1,1,0,1,0,,,,,,,Seafood,,
493,Pizza Parma,3,casual,0,1,1,0,,0,1,1,0,1,1,0,,,,,,,1,,1,0,0,0,0,,,,,,,Pizza,,
494,There Ultra Lounge,2.5,casual,1,1,,0,,1,1,,,0,1,,no,1,1,yes,,,,0,0,0,0,0,0,1,0,0,0,1,0,Nightlife,Bars,
495,Mullaneys Harp and Fiddle,3,casual,1,2,0,1,,1,1,1,1,0,1,0,free,1,0,,,,1,0,1,0,0,0,0,0,,,,,,Nightlife,Bars,
496,Starbucks,4,,,2,,0,,,,,,,1,,free,,,,,,,,1,0,0,0,0,,,,,,,,,
497,My Ngoc Restaurant,3,casual,0,1,,0,,1,,,1,0,1,,,,,,,,1,,1,0,0,0,0,,,,,,,Vietnamese,,
498,Burlington Coat Factory,3.5,,,1,,,,,,,,,1,,,,,,,,,,1,0,0,0,0,,,,,,,,,
499,The Lemon Grass Cafe,2.5,casual,0,2,0,1,,1,0,,1,1,1,1,,,,,,,1,,1,0,0,0,0,,,,,,,Thai,,
500,San Remo Pizza,3.5,casual,1,1,0,1,,1,1,,1,1,1,0,,,,,,,1,,,,,,,,,,,,,Pizza,,
501,Casa Del Sole Pizza,3.5,casual,0,1,1,0,,0,1,,0,1,1,0,,,,,,,1,,1,0,0,0,0,,,,,,,Pizza,,
502,Starbucks,3,,,2,,1,,,,,,,1,,free,,,,,,,,1,0,0,0,0,,,,,,,,,
503,Garfield Artworks,3,,,1,,,,,,,,0,0,,,,,,,,,,1,0,0,0,0,,,,,,,,,
504,East End Community Thrift,4,,,1,,,,,,,,,,,,,,,,,,,0,0,0,0,0,,,,,,,,,
505,Calabria's Italian Restaurant,2.5,,,,,,,,,,,,,,no,,,,,,,,,,,,,,,,,,,Pizza,Italian,
506,China House,4,casual,0,1,1,0,,1,0,0,0,1,1,0,no,,,,,,1,,1,0,0,0,0,,,,,,,Chinese,,
507,Exercise Warehouse Gym,4,,,,,,,,,,,0,,,,,,,,,,,,,,,,,,,,,,,,
508,Cafe Sam,3.5,casual,1,2,0,1,,1,0,,1,0,1,1,no,,,,,,1,,0,0,1,0,0,,,,,,,American,,
509,Sound Cat Records,5,,,1,,,,,,,,,1,,,,,,,,,,1,0,0,0,0,,,,,,,,,
510,Paddy Cake Bakery,3.5,,,1,0,,,,,,,,1,,,,,,,,,,1,0,0,0,0,,,,,,,,,
511,Angelo's Pizzeria,3.5,casual,0,1,1,1,,1,1,0,0,1,1,0,no,,,,,,1,,1,0,0,0,0,,,,,,,Pizza,,
512,Kraynick's Bike Shop,5,,,1,,,,,,,,,0,,,,,,,,,,1,0,0,0,0,,,,,,,,,
513,Graziano's Pizzeria,3.5,casual,beer_and_wine,1,1,1,,1,1,0,0,1,1,0,no,,,,,,1,,1,0,0,0,0,,,,,,,Pizza,,
514,Dan Cercone Hairstyling,4,,,1,,,,,,,,,0,,,,,,,,,,1,0,0,0,0,,,,,,,,,
515,Pizza Italia,4.5,casual,0,2,0,1,,0,0,,0,1,1,0,no,,,,,,1,,1,0,0,0,0,,,,,,,Pizza,,
516,Petraglia James F DMD,3.5,,,,,,,,,,,,,,,,,,,,,,,,,,,,,,,,,,,
517,People's Indian Restaurant,3.5,casual,0,2,1,0,,1,0,1,1,1,1,0,no,,,,,,1,,1,0,0,0,0,,,,,,,Indian,,
518,Pho Minh,4,casual,0,1,0,0,,1,0,0,1,1,0,1,no,,,,,,1,,1,0,0,0,0,,,,,,,Vietnamese,,
519,Cat Clinic & Hospital,4,,,,,,,,,,,,,,,,,,,,,,,,,,,,,,,,,,,
520,Groceria Italiana,4.5,casual,0,1,0,1,,0,0,1,0,1,1,0,no,,,,,,1,,1,0,0,0,0,,,,,,,,,
521,PNC Bank,4,,,,,,,,,,,,,,,,,,,,,,,,,,,,,,,,,,,
522,Armand's Bar,3.5,casual,1,1,0,0,,1,1,,0,0,0,0,no,1,0,yes,,,1,,1,0,0,0,0,0,0,0,0,1,0,Nightlife,Bars,
523,Lifetime Automotive Center,4.5,,,,,,,,,,,,,,,,,,,,,,,,,,,,,,,,,,,
524,Taste of India,4,casual,1,2,0,0,,1,0,,1,1,1,0,free,,,,,,1,,1,0,0,0,0,,,,,,,Indian,,
525,Golden Razor,5,,,1,,,,,,,,,0,,,,,,,,,,1,0,0,0,0,,,,,,,,,
526,Nico's Recovery Room,3.5,casual,1,1,0,0,,1,1,0,1,0,1,0,no,1,0,yes,,,1,0,1,0,0,0,0,0,1,0,0,0,0,Nightlife,Bars,American
527,Donatelli's Italian Food Center,3.5,casual,0,1,0,,,,,1,0,0,1,0,,,,,,,1,,1,0,0,0,0,,,,,,,,,
528,Seven Cee's,4,casual,0,1,0,0,,0,0,0,0,0,0,0,no,,,,,,1,,0,0,0,0,0,,,,,,,Nightlife,Bars,
529,Yolanda's Hair Design,3.5,,,,,,,,,,,,,,,,,,,,,,,,,,,,,,,,,,,
530,D'Amico's,2.5,casual,1,2,1,1,,1,1,1,1,1,1,1,no,,,,,,1,,1,0,0,0,0,,,,,,,Italian,,
531,Tram's Kitchen,4,casual,0,1,0,0,,1,1,0,1,1,0,0,no,,,,1,,1,,1,0,0,0,0,,,,,,,Vietnamese,,
532,Merante's Gifts,4.5,,,,,,,,,,,,,,,,,,,,,,,,,,,,,,,,,,,
533,Ritters Diner,3.5,casual,0,1,0,0,,1,0,0,1,1,0,0,no,,,,0,,1,,0,0,1,0,0,,,,,,,American,,
534,Bloomfield Drug Store,5,,,2,,,,,,,,,1,,,,,,,,,,1,0,0,0,0,,,,,,,,,
535,Lombardozzi's Restaurant,3.5,casual,1,2,0,1,,1,1,1,1,1,1,1,free,,,,,,1,,0,0,1,0,0,,,,,,,Italian,Seafood,
536,Tessaro's,4,casual,1,2,0,0,0,1,1,0,1,1,1,0,no,,,,,0,1,,1,0,0,0,0,,,,,,,American,,
537,Teabags,4.5,,1,1,,,,,1,,,,1,,,,,yes,,,,,,,,,,0,0,0,0,1,0,Nightlife,,
538,B & M Automotive Services,4.5,,,,,,,,,,,,,,,,,,,,,,,,,,,,,,,,,,,
539,Pleasure Bar and Restaurant,3,casual,1,2,0,1,,1,1,0,1,1,1,1,no,1,0,outdoor,,,1,0,1,0,0,0,0,0,0,0,0,0,1,Nightlife,Bars,Italian
540,Pittsburgh Eye Associates,3.5,,,,,,,,,,,,,,,,,,,,,,,,,,,,,,,,,,,
541,Bell Vision Care,2.5,,,,,,,,,,,,1,,,,,,,,,,0,0,0,0,0,,,,,,,,,
542,Courtyard Pittsburgh Shadyside,3.5,,,2,,,,,,,,,1,,free,,,,,,,,,,,,,,,,,,,,,
543,Twisters Soft Serve Ice Cream,4,,,1,,,,,,,,,0,,no,,,,,,,,1,0,0,0,0,,,,,,,,,
544,Silky's Pub,4,casual,1,2,0,1,,1,1,0,1,0,1,0,free,1,0,outdoor,,,1,0,1,0,0,0,0,0,,0,0,1,,Nightlife,Bars,American
545,Boston Market,3.5,casual,0,1,0,0,,1,0,1,0,1,1,0,free,,,,,,1,,1,0,0,0,0,,,,,,,American,,
546,"Labriola Cynthia, DMD",3.5,,,,,,,,,,,,,,,,,,,,,,,,,,,,,,,,,,,
547,Jiffy Lube,2,,,,,,,,,,,,,,,,,,,,,,,,,,,,,,,,,,,
548,Lot 17 ,4,casual,1,2,0,1,,1,1,1,1,0,1,0,free,1,0,outdoor,,,1,0,1,0,0,0,0,0,0,0,0,1,1,Nightlife,Bars,American
549,The Bloomfield Sandwich Shop,4,casual,0,1,0,1,,1,0,0,1,1,0,0,no,,,,,,1,,1,0,0,0,0,,,,,,,Breakfast & Brunch,,
550,Alexander's Italian Bistro,3.5,casual,1,2,,1,,1,1,1,1,1,1,1,free,,,,,,1,,1,0,0,0,0,,,,,,,Italian,,
551,Sammy's Famous Corned Beef,3,casual,1,1,,0,,1,1,,0,0,1,0,no,,,,,,1,,1,0,0,0,0,,,,,,,Fast Food,,
552,Thai Cuisine,4,casual,0,2,0,0,,1,0,1,1,1,1,1,no,,,,,,1,,1,0,0,0,0,,,,,,,Thai,,
553,Fiori's Pizzaria,4.5,casual,0,1,0,0,,1,1,1,0,1,1,0,no,,,,0,,1,,1,0,0,0,0,,,,,,,Pizza,Italian,
554,Rohrich Toyota,4,,,,,,,,,,,,,,,,,,,,,,,,,,,,,,,,,,,
555,Red White & Blue Thrift Store,3,,,1,,,,,,,,,0,,,,,,,,,,0,0,1,0,0,,,,,,,,,
556,Boehmer Heating & Cooling,4,,,,,,,,,,,,1,,,,,,,,,,,,,,,,,,,,,,,
557,It's Greek To Me,4.5,casual,,2,0,0,,1,0,0,1,1,1,0,no,,,,,,1,,1,0,0,0,0,,,,,,,Greek,,
558,Kribel's Bakery,4,,,2,0,,,,,,,,1,,,,,,,,,,1,0,0,0,0,,,,,,,,,
559,Cvs/Pharmacy,4,,,,,,,,,,,,1,,,,,,,,,,0,0,0,0,0,,,,,,,,,
560,Moonlite Cafe,4.5,casual,1,2,0,0,,1,1,0,1,1,1,0,no,,,,,,1,,1,0,0,0,0,,,,,,,Italian,,
561,Pitaland,4.5,,,1,0,,,,,,,,1,,,,,,,,,,1,0,0,0,0,,,,,,,,,
562,Party Cake Shop,4,,,2,0,,,,,,,,1,,,,,,,,,,1,0,0,0,0,,,,,,,,,
563,Bellisario's Pizza Palace,4,casual,beer_and_wine,1,1,0,,1,1,,1,1,1,0,,,,,,,1,,0,0,1,0,0,,,,,,,Pizza,Italian,
564,M J Automotive Service Center,3,,,,,,,,,,,,,,,,,,,,,,,,,,,,,,,,,,,
565,Wendy's,2.5,casual,0,1,0,0,1,1,1,0,0,1,1,0,free,,,,,,1,,0,0,1,0,0,,,,,,,Fast Food,,
566,Enviro Tech USA,3.5,,,,,,,,,,,,0,,,,,,,,,,,,,,,,,,,,,,,
567,Carhops Sub Shop,4.5,casual,1,1,0,0,,1,,,1,0,1,0,,,,,,,1,,0,0,0,0,0,,,,,,,,,
568,McDonald's,2,casual,0,1,0,0,1,1,1,0,0,1,1,0,free,,,,,,1,,0,0,0,0,0,,,,,,,Fast Food,,
569,The Tong Garden,4,casual,0,2,0,0,,1,1,,,1,0,0,no,,,,,,1,,1,0,0,0,0,,,,,,,Chinese,,
570,Amels,4,casual,1,2,0,1,,1,1,1,1,1,1,1,no,,,,0,,1,,0,0,1,0,0,,,,,,,Mediterranean,Middle Eastern,
571,McDonald's,2,casual,0,2,0,,1,1,0,,,1,1,0,,,,,,,1,,,,,,,,,,,,,Fast Food,,
572,"Gurtner Stephen M, DMD",5,,,,,,,,,,,,,,,,,,,,,,,,,,,,,,,,,,,
573,Sesame Inn Chinese Restaurant,4,casual,1,2,1,0,,1,1,1,1,1,1,1,no,,,,,,1,,1,0,0,0,0,,,,,,,Chinese,,
574,China Gate,2.5,casual,1,2,1,0,,1,0,,1,1,1,1,no,,,,,,1,,0,0,0,1,0,,,,,,,Chinese,,
575,Alberta Modern Hair,4,,,3,,,,,,,,0,1,,,,,,,,,,0,0,0,0,0,,,,,,,,,
576,Empire Music,3.5,,,,,,,,,,,,,,,,,,,,,,,,,,,,,,,,,,,
577,Bridal Beginning,3.5,,,3,,,,,,,,,1,,,,,,,,,,0,0,1,0,0,,,,,,,,,
578,Mt Lebanon Shoe Repair,5,,,,,,,,,,,,0,,,,,,,,,,,,,,,,,,,,,,,
579,Il Pizzaiolo,4,casual,1,2,0,1,,1,0,0,1,1,1,1,no,,,,,,1,,1,0,0,0,0,,,,,,,Pizza,Italian,
580,Little Tokyo,4,casual,1,2,0,0,,1,1,0,1,1,1,1,no,,,,,,1,,1,0,0,0,0,,,,,,,Sushi Bars,Japanese,
581,Mineo's Pizza House,4,casual,0,1,1,0,,1,1,1,0,1,0,0,,,,,,,1,,1,0,0,0,0,,,,,,,Pizza,,
582,Salon Vivace,4.5,,,3,,,,,,,,0,1,,,,,,,,,,0,0,0,0,1,,,,,,,,,
583,Panera Bread,3.5,casual,0,1,0,1,,1,0,1,0,1,1,0,free,,,,,,1,,0,0,0,0,0,,,,,,,,,
584,Mt Lebanon Public Library,4.5,,,,,,,,,,,,,,free,,,,,,,,,,,,,,,,,,,,,
585,Anne Gregory For the Bride,3.5,,,4,,,,,,,,,1,,,,,,,,,,1,0,1,0,0,,,,,,,,,
586,Potomac Bakery,4,,,1,1,,,,,,,,1,,,,,,,,,,1,0,0,0,0,,,,,,,,,
587,Carmike Galleria 6,2.5,,,,,,,,,,,1,,,,,,,,,,,,,,,,,,,,,,,,
588,The Saloon of Mt. Lebanon,3.5,casual,1,1,0,1,0,1,1,,1,0,1,0,no,1,0,outdoor,,,1,0,1,0,0,0,0,,,,,,,Nightlife,Bars,American
589,Jernigan's Tobacco Village,2.5,,1,3,,0,,1,1,,,,1,,,1,0,yes,,,,,0,0,0,1,0,0,0,0,0,1,0,Nightlife,Bars,
590,Footloose,1.5,,,3,,,,,,,,,1,,,,,,,,,,0,0,0,0,0,,,,,,,,,
591,Rollier's Hardware,4,,,2,,,,,,,,,1,,,,,,,,,,0,0,1,0,0,,,,,,,,,
592,The Korner Pub,4.5,,beer_and_wine,1,,0,,1,1,,,,1,,,1,0,no,,,,0,0,0,0,0,0,,,,,,,Nightlife,Bars,
593,South Hills Eye Associates,2,,,,,,,,,,,,,,,,,,,,,,,,,,,,,,,,,,,
594,Today's Tiffany,1.5,,,3,,,,,,,,,1,,,,,,,,,,,,,,,,,,,,,,,
595,Mt Lebanon Floral Shop,4.5,,,3,1,,,,,,,,1,,,,,,,,,,1,0,0,0,0,,,,,,,,,
596,L J Marks Jewelers,4,,,,,,,,,,,,1,,,,,,,,,,1,0,0,1,0,,,,,,,,,
597,Galleria,3,,,2,,,,,,,,1,1,,,,,,,,,,0,0,1,0,0,,,,,,,,,
598,Majestic Nails,2.5,,,1,,,,,,,,,1,,,,,,,,,,0,0,0,0,0,,,,,,,,,
599,Chinese Acupuncture & Herbs Center LLC,5,,,,,,,,,,,,,,,,,,,,,,,,,,,,,,,,,,,
600,La Pomponnee,3.5,,,2,,,,,,,,,1,,,,,,,,,,0,0,0,1,0,,,,,,,,,
601,Cvs Pharmacy,3.5,,,2,,,,,,,,,1,,,,,,,,,,0,0,1,0,0,,,,,,,,,
602,Restoration Hardware,4,,,3,,,,,,,,,1,,,,,,,,,,0,0,0,0,0,,,,,,,,,
603,Uptown Coffee,4,,,1,0,0,,,,,,,1,,free,,,,,,,,1,0,0,0,0,,,,,,,,,
604,Magee-Womens Hospital,3,,,,,,,,,,,,,,,,,,,,,,,,,,,,,,,,,,,
605,Jos A Bank,1,,,,,,,,,,,,,,,,,,,,,,,,,,,,,,,,,,,
606,Berkshire Hathaway HomeServices The Preferred Realty,4,,,,,,,,,,,,,,,,,,,,,,,,,,,,,,,,,,,
607,Ten Toes of Pittsburgh Inc,4.5,,,2,,,,,,,,,1,,,,,,,,,,1,0,0,0,0,,,,,,,,,
608,The Coffee Tree Roasters,3.5,,,1,,0,,,,,,,1,,free,,,,,,,,1,0,0,0,0,,,,,,,,,
609,Laundry Factory,4,,,2,,,,,,,,,1,,free,,,,,,,,0,0,1,0,0,,,,,,,,,
610,Eons Fashion Antique,4.5,,,2,,,,,,,,,1,,,,,,,,,,1,0,0,0,0,,,,,,,,,
611,Capristo Salon & Wellness Spa,3.5,,,3,,,,,,,,0,1,,,,,,,,,,1,0,0,0,0,,,,,,,,,
612,Owen's Dry Cleaners,1.5,,,2,,,,,,,,,1,,no,,,,,,,,1,0,0,0,0,,,,,,,,,
613,Soba,4,dressy,1,3,0,1,,1,0,1,1,0,1,1,free,,,,0,,1,,1,1,0,0,0,,,,,,,Asian Fusion,,
614,Salon 5844,4.5,,,2,,,,,,,,1,1,,,,,,,,,,1,0,1,0,0,,,,,,,,,
615,Umi,4,dressy,1,4,0,0,,1,0,0,1,0,1,1,free,,,,,,0,,1,1,0,0,0,,,,,,,Japanese,,
616,Bagel Factory,3,,,1,0,,,,,,,,1,,,,,,,,,,1,0,0,0,0,,,,,,,,,
617,Harris Grill,3.5,casual,1,2,0,1,,1,1,1,1,0,1,0,free,1,0,outdoor,,,1,0,1,0,0,0,0,0,,0,0,1,,Nightlife,Bars,American
618,Hey Betty,4,,,2,,,,,,,,,1,,,,,,,,,,1,0,0,0,0,,,,,,,,,
619,Coldwell Banker Real Estate,2,,,,,,,,,,,,1,,,,,,,,,,,,,,,,,,,,,,,
620,Tepe Chiropractic Center,5,,,2,,,,,,,,,1,,,,,,,,,,0,0,1,0,0,,,,,,,,,
621,X Shadyside,3.5,,,3,,,,,,,,0,1,,,,,,,,,,1,0,0,0,0,,,,,,,,,
622,Shadyside Inn All Suites Hotel,3.5,,,2,,,,,,,,,1,,free,,,,,,,,,,,,,,,,,,,,,
623,The Elbow Room,3,casual,1,2,1,0,,1,1,0,1,1,1,1,free,,,,,,1,,1,0,0,0,0,,,,,,,American,,
624,Footer's Dry Cleaners & Tailors,3.5,,,1,,,,,,,,,,,,,,,,,,,,,,,,,,,,,,,,
625,Dean of Shadyside Salon,3.5,,,2,,,,,,,,0,1,,,,,,,,,,0,0,1,0,0,,,,,,,,,
626,William Penn Tavern,3.5,casual,1,1,1,1,,1,1,1,1,0,1,0,free,1,0,outdoor,,,1,0,1,0,0,1,0,,,,,1,,Nightlife,Bars,American
627,Cappy's Cafe,3,casual,1,1,0,1,,1,1,0,1,0,1,0,free,1,0,outdoor,,,1,0,1,0,0,0,0,,,,,1,,Nightlife,Bars,American
628,Prantl's Bakery,4,,,1,0,,,,,,,,1,,,,,,,,,,1,0,0,0,0,,,,,,,,,
629,Jitters Cafe,4,,,1,,1,,,,,,,1,,free,,,,,,,,1,0,0,0,0,,,,,,,,,
630,Bruegger's Bagels,3,casual,,1,0,0,,1,0,,0,1,1,0,no,,,,,,1,,0,0,0,0,0,,,,,,,Breakfast & Brunch,,
631,Tennis Village,5,,,2,,,,,,,,,1,,,,,,,,,,0,0,0,0,0,,,,,,,,,
632,Toadflax Inc,4,,,3,1,,,,,,,,1,,,,,,,,,,1,0,0,0,0,,,,,,,,,
633,Novak Berkowitz & Rosenberg MD,1,,,,,,,,,,,,,,,,,,,,,,,,,,,,,,,,,,,
634,Kards Unlimited,4.5,,,2,,,,,,,,,1,,,,,,,,,,1,0,0,0,0,,,,,,,,,
635,The Inn on Negley,4.5,casual,0,2,0,1,,1,0,,1,0,1,1,free,,,,,,0,,1,0,1,0,0,,,,,,,Breakfast & Brunch,,
636,Club Havana,3,,,,,,,,,,,,1,,,1,,outdoor,,,,,,,,,,,,,,,,Nightlife,,
637,Tokyo Japanese Food Store,4,,,2,,,,,,,,,1,,,,,,,,,,0,0,1,0,0,,,,,,,,,
638,Shadyside Saloon,3,,,,,,,,,,,,,,,,,,,,,,,,,,,,,,,,,Nightlife,Bars,
639,UPMC Dermatology - Shadyside,2.5,,,,,,,,,,,,,,,,,,,,,,,,,,,,,,,,,,,
640,Giant Eagle Market District,3,casual,0,2,0,0,,1,0,1,0,1,1,0,free,,,,,,1,,0,0,0,1,0,,,,,,,,,
641,Duds'n Suds,3.5,,,,,,,,,,,,0,,,,,,,,,,,,,,,,,,,,,,,
642,Shadyside Variety Store,4,,,2,,,,,,,,,1,,,,,,,,,,1,0,0,0,0,,,,,,,,,
643,Banana Republic,4,,,3,,,,,,,,,1,,,,,,,,,,1,0,0,0,0,,,,,,,,,
644,Doc's Place,3,casual,1,2,0,1,,1,1,,1,0,1,0,,1,,yes,,,1,0,1,0,0,0,0,0,,0,0,1,,Nightlife,Pizza,Bars
645,Salon DeStefino,3,,,3,,,,,,,,0,1,,,,,,,,,,1,0,0,1,0,,,,,,,,,
646,Rite Aid,3.5,,,1,,,,,,,,,1,,,,,,,,,,1,0,0,0,0,,,,,,,,,
647,Dress Circle,3,,,4,,,,,,,,,1,,,,,,,,,,,,,,,,,,,,,,,
648,Moda,4,,,,,,,,,,,,1,,,,,,,,,,,,,,,,,,,,,,,
649,Journeys of Life,4.5,,,2,,,,,,,,,1,,,,,,,,,,1,0,0,1,0,,,,,,,,,
650,Henne Jewelers,4,,,3,,,,,,,,,1,,,,,,,,,,1,0,0,0,0,,,,,,,,,
651,Girasole Restaurant,3.5,casual,1,2,0,1,,0,0,1,1,0,1,1,no,,,,,1,1,,1,0,0,0,0,,,,,,,Italian,,
652,La Feria,4,casual,0,2,0,0,,1,0,1,1,1,1,1,no,,,,,,1,,1,0,0,0,0,,,,,,,,,
653,Rockys Tailor Shop,3.5,,,2,,,,,,,,,0,,no,,,,,,,,1,0,0,0,0,,,,,,,,,
654,A&A Mailing Services Plus,4,,,,,,,,,,,,1,,,,,,,,,,,,,,,,,,,,,,,
655,Paul Michael Design,5,,,2,,,,,,,,,1,,,,,,,,,,1,0,0,0,0,,,,,,,,,
656,The Collection,4.5,,,3,,,,,,,,,1,,,,,,,,,,1,0,0,0,0,,,,,,,,,
657,Village Pizza Bar & Grill,4,casual,1,1,1,0,,0,,,0,0,1,0,,,,,,0,1,,1,0,0,0,0,,,,,,,Pizza,,
658,Mozart Management,2,,,,,,,,,,,,0,,,,,,,,,,,,,,,,,,,,,,,
659,Le Mardi Gras,4,,1,2,,0,,1,1,,,,0,,,1,0,yes,,,,0,1,0,0,0,0,0,0,0,0,1,0,Nightlife,Bars,
660,P&G's Pamela's Diner,4,casual,0,1,0,0,,1,0,0,1,1,0,0,no,,,,,,1,,1,0,0,0,0,,,,,,,Breakfast & Brunch,,
661,Crepes Parisiennes,4,casual,0,1,0,1,,0,,,1,1,0,0,,,,,0,,1,,1,0,0,0,0,,,,,,,Breakfast & Brunch,,
662,"Schmeler R Christina, DDS",1,,,,,,,,,,,,,,,,,,,,,,,,,,,,,,,,,,,
663,e.b. Pepper,4.5,,,4,,,,,,,,,1,,,,,,,,,,0,0,0,0,0,,,,,,,,,
664,Historic Sunnyledge Hotel of Shadyside,3,,1,2,,,,,,,,,1,,,,,,,,,,1,0,1,0,0,,,,,,,American,,
665,The Mansion at Maple Heights,3,,,3,,,,,,,,,1,,free,,,,,,,,,,,,,,,,,,,,,
666,Gap,3.5,,,2,,,,,,,,,1,,,,,,,,,,1,0,0,0,0,,,,,,,,,
667,Randall S W Toyes and Giftes,4.5,,,2,,,,,,,,,1,,,,,,,,,,0,0,0,0,0,,,,,,,,,
668,Wendy's,2.5,casual,0,1,0,0,1,1,1,0,0,1,1,0,free,,,,,,1,,0,0,1,0,0,,,,,,,Fast Food,,
669,China Palace,3,casual,1,2,1,0,,1,1,1,1,1,1,0,free,,,,,,1,,1,0,0,0,0,,,,,,,Chinese,,
670,Choices,3,,,4,,,,,,,,,1,,,,,,,,,,0,0,0,0,0,,,,,,,,,
671,Victoria's Secret Stores,3,,,2,,,,,,,,,1,,,,,,,,,,0,0,0,0,0,,,,,,,,,
672,Salon Cercone,5,,,2,,,,,,,,1,1,,,,,,,,,,1,0,0,0,0,,,,,,,,,
673,Shadyside Mining Co,3,,,3,,,,,,,,,0,,,,,,,,,,0,0,0,0,0,,,,,,,,,
674,Walnut Grill,3,casual,1,2,0,0,,1,,,1,0,1,1,,,,,0,,,,1,0,0,0,0,,,,,,,American,,
675,Williams-Sonoma,4,,,3,,,,,,,,,1,,,,,,,,,,1,0,0,0,0,,,,,,,,,
676,Castle Place,3.5,casual,,1,1,0,,,,,0,,1,,,,,,,,1,,,,,,,,,,,,,Chinese,,
677,Mr Magic Car Wash,3.5,,,,,,,,,,,,,,,,,,,,,,,,,,,,,,,,,,,
678,The Pizza,3.5,casual,0,1,1,0,,0,0,0,0,,1,0,no,,,,,,1,,0,0,0,0,0,,,,,,,Pizza,,
679,Nick's Pizza,3.5,casual,0,1,1,1,,0,1,1,1,1,1,1,free,,,,,,1,,0,0,1,0,0,,,,,,,Pizza,,
680,McGinnis John Special Food Store,4.5,,,2,,,,,,,,,1,,,,,,,,,,0,0,1,0,0,,,,,,,,,
681,Ruby's Cleaners,2.5,,,,,,,,,,,,1,,,,,,,,,,,,,,,,,,,,,,,
682,Hess Paul F DMD,3.5,,,,,,,,,,,,,,,,,,,,,,,,,,,,,,,,,,,
683,Pittsburgh Antique Mall,3.5,,,2,,,,,,,,,1,,,,,,,,,,0,0,0,0,0,,,,,,,,,
684,Graham's Bakery,2.5,,,3,0,,,,,,,,1,,,,,,,,,,0,0,0,0,0,,,,,,,,,
685,Ice Castle,2.5,,,,,,,,,,,1,,,,,,,,,,,,,,,,,,,,,,,,
686,"Medgaus Carl, DMD",2,,,,,,,,,,,,,,,,,,,,,,,,,,,,,,,,,,,
687,Mr. Tire Auto Service Centers,3.5,,,,,,,,,,,,,,,,,,,,,,,,,,,,,,,,,,,
688,Monro Muffler Brake & Service,1,,,,,,,,,,,,,,,,,,,,,,,,,,,,,,,,,,,
689,Willi's Ski & Snowboard Shops,3.5,,,,,,,,,,,,1,,,,,,,,,,0,0,0,0,0,,,,,,,,,
690,China Village,4.5,casual,0,2,0,0,,1,1,0,0,1,0,0,no,,,,,,1,,0,0,0,0,0,,,,,,,Chinese,,
691,Burger King,3.5,,0,1,0,,,1,,,,1,1,1,,,,,,,1,,,,,,,,,,,,,Fast Food,,
692,Pet Stop,4.5,,,,,,,,,,,,,,,,,,,,,,,,,,,,,,,,,,,
693,Jb's Pizza Place,2.5,casual,,1,1,0,,0,1,,0,,0,0,no,,,,,,1,,0,0,0,0,0,,,,,,,Pizza,,
694,The Nailery,2.5,,,1,,,,,,,,,1,,,,,,,,,,1,0,1,0,0,,,,,,,,,
695,Royal Place Restaurant,2.5,casual,1,4,,1,,1,1,,1,0,1,,,,,,,,,,0,0,0,0,0,,,,,,,American,Italian,
696,Signature Desserts,4.5,,,2,0,,,,,,,,1,,,,,,,,,,0,0,1,0,0,,,,,,,,,
697,Sky Spa,1.5,,,3,,,,,,,,,0,,,,,,,,,,0,0,0,0,0,,,,,,,,,
698,Silver Palace Chinese Restaurant,4,casual,0,1,1,0,,1,1,1,1,1,1,,no,,,,,,1,,0,0,1,0,0,,,,,,,Chinese,,
699,Calabria's,3,casual,1,2,0,1,,1,1,1,1,1,1,1,free,,,,,,1,,0,1,1,0,0,,,,,,,American,Italian,
700,Admiral Heating & Cooling,3,,,,,,,,,,,,,,,,,,,,,,,,,,,,,,,,,,,
701,Cibrone M & Sons Bakery,5,,,1,0,,,,,,,,1,,,,,,,,,,0,0,1,0,0,,,,,,,,,
702,Bowser GMC Buick Subaru Hyundai Nissan,5,,,,,,,,,,,,,,,,,,,,,,,,,,,,,,,,,,,
703,Chapon's Greenhouse & Supply,4.5,,,2,,,,,,,,,1,,,,,,,,,,0,0,0,0,0,,,,,,,,,
704,Old Allegheny Shoppe,3.5,,,2,,,,,,,,,1,,,,,,,,,,0,0,0,0,0,,,,,,,,,
705,Danny's Pizza,4.5,casual,0,1,0,0,,0,1,0,0,1,1,0,no,,,,,,1,,0,0,0,0,0,,,,,,,Pizza,,
706,"Smiga Steven I, DMD",5,,,,,,,,,,,,,,,,,,,,,,,,,,,,,,,,,,,
707,Princess Bowling Lanes,3.5,,,,,,,,,,,1,,,,,,,,,,,,,,,,,,,,,,,,
708,Thee Olde Place Inn,4,casual,1,2,0,0,,1,1,,1,1,1,1,,,,,,,1,,0,0,0,0,0,,,,,,,American,,
709,Hairtique Designers,2.5,,,2,,,,,,,,,1,,,,,,,,,,0,0,1,0,0,,,,,,,,,
710,Gerber Collision & Glass,3.5,,,,,,,,,,,,,,,,,,,,,,,,,,,,,,,,,,,
711,Marshalls,4,,,2,,,,,,,,,1,,,,,,,,,,0,0,1,0,0,,,,,,,,,
712,Penn Automotive,3.5,,,,,,,,,,,,,,,,,,,,,,,,,,,,,,,,,,,
713,Wendy's,2.5,,,,0,,,1,,,,1,1,0,,,,,,,1,,,,,,,,,,,,,Fast Food,,
714,Giant Eagle Market District,3.5,,,2,,,,,,,,,1,,,,,,,,,,0,0,1,0,0,,,,,,,,,
715,Barnes & Noble Booksellers,4.5,,,2,,,,,,,,,1,,,,,,,,,,0,0,1,0,0,,,,,,,,,
716,Uncle Sam's Submarines,3.5,casual,beer_and_wine,2,0,0,,1,1,0,0,1,0,0,free,,,,,,1,,0,0,0,0,0,,,,,,,,,
717,Tai Pei,3,casual,1,2,1,0,,1,1,,1,1,1,1,free,,,,,,1,,0,0,1,0,0,,,,,,,Chinese,Sushi Bars,
718,Petco,4.5,,,,,,,,,,,,,,,,,,,,,,,,,,,,,,,,,,,
719,VCA Fox Chapel Animal Hospital,4,,,,,,,,,,,,,,,,,,,,,,,,,,,,,,,,,,,
720,Fox Chapel Shoe Service,5,,,,,,,,,,,,1,,,,,,,,,,,,,,,,,,,,,,,
721,Baskin-Robbns 31 Flavors,4.5,,,1,,,,,,,,,1,,no,,,,,,,,0,0,1,0,0,,,,,,,,,
722,Pier 1 Imports,3.5,,,3,,,,,,,,,1,,,,,,,,,,0,0,0,0,0,,,,,,,,,
723,Mr Tire Auto Service Centers,2,,,,,,,,,,,,,,,,,,,,,,,,,,,,,,,,,,,
724,Coffee Tree Roasters,3.5,,,1,,0,,,,,,,1,,free,,,,,,,,0,0,1,0,0,,,,,,,,,
725,Specialty Luggage,2.5,,,3,,,,,,,,,1,,,,,,,,,,0,0,1,0,0,,,,,,,,,
726,Thai Place Restaurant,3,casual,1,2,0,0,,1,0,0,1,1,1,0,no,,,,,,1,,0,0,1,0,0,,,,,,,Thai,,
727,N Stuff Music,4.5,,,2,,,,,,,,,1,,,,,,,,,,1,0,0,0,0,,,,,,,,,
728,Marlene Harris Collection,4,,,2,,,,,,,,,1,,,,,,,,,,1,0,0,0,0,,,,,,,,,
729,Moondogs Pub,3.5,,1,1,,0,,1,0,,,0,1,,,0,1,no,,,,0,0,0,0,0,0,0,0,0,1,0,1,Nightlife,,
730,Allegheny Smokeworks,5,,,2,,,,,,,,,1,,,,,,,,,,1,0,1,0,0,,,,,,,,,
731,Starlite Lounge,3,casual,1,2,0,0,,1,1,1,1,0,1,0,no,1,0,yes,,,1,0,1,0,0,0,0,0,0,0,0,1,0,Nightlife,Bars,American
732,Supercuts,2,,,2,,,,,,,,1,1,,,,,,,,,,0,0,1,0,0,,,,,,,,,
733,Bob's Garage,3.5,,1,1,,0,,1,1,,,,1,,,1,0,yes,,,,0,0,0,1,0,0,,,,,,,Nightlife,Bars,
734,Applebee's,4,casual,1,2,0,0,0,1,1,0,1,1,1,1,free,1,0,no,,,1,0,0,0,1,0,0,0,0,0,0,0,0,Nightlife,Bars,American
735,Radisson Hotel Pittsburgh Green Tree,2.5,casual,1,2,0,0,,1,1,,0,1,1,1,no,,,,,,0,,0,0,1,0,0,,,,,,,,,
736,South Hills Brewing Supply,4.5,,,2,,,,,,,,,1,,,,,,,,,,0,0,1,0,0,,,,,,,,,
737,Duquesne University,3.5,,,,,,,,,,,,,,,,,,,,,,,,,,,,,,,,,,,
738,New Dragon Chinese Restaurant,2.5,,,1,,,,,,,,,,,,,,,,,,,,,,,,,,,,,,Chinese,,
739,Stowe Family YMCA,4,,,,,,,,,,,1,,,,,,,,,,,,,,,,,,,,,,,,
740,Carolina Auto Repair,3.5,,,,,,,,,,,,,,,,,,,,,,,,,,,,,,,,,,,
741,Demetrios Restaurant,3.5,casual,,1,0,0,,1,1,,1,1,1,0,,,,,,,1,,0,0,0,0,0,,,,,,,Pizza,Italian,
742,Cherubs Craft and Coffee Shop,5,casual,0,1,0,0,,1,0,1,1,1,1,0,,,,,,,1,,0,0,0,0,0,,,,,,,,,
743,Wendy's,2.5,casual,,1,0,0,1,1,,,,1,1,0,,,,,,,1,,,,,,,,,,,,,Fast Food,,
744,Pizza Hut,2.5,casual,0,2,1,0,,1,0,1,1,1,1,0,no,,,,,,1,,0,0,0,0,0,,,,,,,Pizza,Italian,
745,Bojangles Restaurant,4.5,casual,,2,0,0,1,1,0,,,1,1,0,,,,,,,1,,,,,,,,,,,,,Fast Food,,
746,White's Restaurant,4.5,casual,,1,0,0,,0,1,,,1,1,0,,,,,,,0,,0,0,0,0,0,,,,,,,Breakfast & Brunch,,
747,Bi-Lo,3.5,,,2,,,,,,,,,1,,,,,,,,,,0,0,1,0,0,,,,,,,,,
748,The Captain's Cap,3,casual,0,2,0,0,,1,0,0,1,1,1,1,free,,,,,,1,,0,0,1,0,0,,,,,,,Seafood,,
749,Catawba Fountain & Grill,3.5,casual,,1,0,0,,1,,,,1,1,0,,,,,,,1,,,,,,,,,,,,,American,Barbeque,
750,Sub Corral Sandwich Shop,2.5,casual,0,1,0,1,,1,1,1,0,1,1,0,no,,,,,,1,,0,0,0,0,0,,,,,,,,,
751,Textile Lanes,3.5,,,,,,,,,,,1,,,,,,,,,,,,,,,,,,,,,,,,
752,Belmont Post Office,2.5,,,,,,,,,,,,,,,,,,,,,,,,,,,,,,,,,,,
753,Papa John's Pizza,3.5,casual,0,1,1,0,,0,1,0,0,1,1,0,no,,,,,,1,,0,0,0,0,0,,,,,,,Pizza,,
754,Taco Bell,4,casual,0,1,0,1,,1,1,0,,1,1,0,no,,,,,,1,,0,0,0,0,0,,,,,,,Fast Food,Mexican,
755,McDonald's,2.5,casual,0,1,0,0,1,1,1,,0,1,1,0,free,,,,,,1,,0,0,0,0,0,,,,,,,Fast Food,,
756,Shooters Express Gun Shop,2.5,,,3,,,,,,,,0,1,,,,,,,,,,0,0,0,0,0,,,,,,,,,
757,New China,4,casual,0,1,0,0,,1,0,0,0,1,1,0,no,,,,,,1,,0,0,0,0,0,,,,,,,Chinese,,
758,Village Clipper Barber & Style,5,,,1,,,,,,,,,0,,,,,,,,,,0,0,0,0,0,,,,,,,,,
759,Walgreens,2,,,1,,,,,,,,,1,,,,,,,,,,0,0,1,0,0,,,,,,,,,
760,Belmont Food & Beverage,3,casual,1,2,1,0,,1,1,1,1,1,1,1,free,,,,,,1,,1,0,1,0,0,,,,,,,American,,
761,New Modern Nails,3.5,,,2,,,,,,,,,1,,,,,,,,,,0,0,1,0,0,,,,,,,,,
762,Tony's Pizza,4.5,casual,beer_and_wine,1,0,0,,1,0,1,0,1,1,0,free,,,,,,1,,0,0,1,0,0,,,,,,,Pizza,Italian,
763,Huntersville Family Fitness & Aquatics,3.5,,,,,,,,,,,1,1,,,,,,,,,,,,,,,,,,,,,,,
764,Latta Equestrian Center,4.5,,,,,,,,,,,1,,,,,,,,,,,,,,,,,,,,,,,,
765,Latta Plantation Park,4.5,,,,,,,,,,,1,,,,,,,,,,,,,,,,,,,,,,,,
766,Historic Latta Plantation,4.5,,,,,,,,,,,,,,,,,,,,,,,,,,,,,,,,,,,
767,Wallace Farm,4,,,,,,,,,,,,,,,,,,,,,,,,,,,,,,,,,,,
768,Amazing Maize Maze,4.5,,,,,,,,,,,1,,,,,,,,,,,,,,,,,,,,,,,,
769,Carolina Raptor Center,4.5,,,,,,,,,,,1,,,,,,,,,,,,,,,,,,,,,,,,
770,Strikers Soccer Center,3.5,,,,,,,,,,,1,,,,,,,,,,,,,,,,,,,,,,,,
771,Carolina Veterinary Specialists,3,,,,,,,,,,,,,,,,,,,,,,,,,,,,,,,,,,,
772,Amiable Alterations,4.5,,,,,,,,,,,,1,,,,,,,,,,,,,,,,,,,,,,,
773,Union Cleaners,3.5,,,2,,,,,,,,,1,,no,,,,,,,,0,0,0,0,0,,,,,,,,,
774,New York Pizza Express,4,casual,0,2,1,0,,1,0,1,0,1,1,0,no,,,,,,1,,0,0,1,0,0,,,,,,,Pizza,,
775,Burger King,2,casual,0,1,0,1,1,1,1,,0,1,1,0,,,,,,,1,,0,0,0,0,0,,,,,,,,,
776,Tullock Automotive,5,,,,,,,,,,,,,,,,,,,,,,,,,,,,,,,,,,,
777,White Knight Steamer,5,,,2,,,,,,,,,1,,,,,,,,,,0,0,0,0,0,,,,,,,,,
778,Custom Comfort Heating & Air Conditioning,5,,,,,,,,,,,,,,,,,,,,,,,,,,,,,,,,,,,
779,McDonald's,1,casual,,,0,0,,0,,,,0,1,0,no,,,,,,1,,,,,,,,,,,,,Fast Food,,
780,King's Greenhouse,4,,,2,,,,,,,,,1,,,,,,,,,,0,0,1,0,0,,,,,,,,,
781,Panda Chinese Restaurant,2.5,casual,,1,0,0,,,0,,,1,1,,,,,,,,1,,0,0,0,0,0,,,,,,,Chinese,,
782,Papas Pizza To-Go,3.5,casual,,2,1,1,,1,0,,0,1,1,0,no,,,,,,1,,0,0,0,0,0,,,,,,,Pizza,,
783,Hunter Farm,3,,,1,,,,,,,,,,,,,,,,,,,,,,,,,,,,,,,,
784,Country Inn & Suites,3.5,,,2,,,,,,,,,1,,free,,,,,,,,,,,,,,,,,,,,,
785,Carolina Family Healthcare,2.5,,,,,,,,,,,,,,,,,,,,,,,,,,,,,,,,,,,
786,Lovely Nail & Tan,5,,,,,,,,,,,,,,,,,,,,,,,,,,,,,,,,,,,
787,Budget Blinds,4,,,,,,,,,,,,,,,,,,,,,,,,,,,,,,,,,,,
788,McClintock Heating & Cooling,3.5,,,,,,,,,,,,1,,,,,,,,,,,,,,,,,,,,,,,
789,Holiday Inn Express & Suites Charlotte Arpt-Belmont,3.5,,,2,,,,,,,,,1,,free,,,,,,,,,,,,,,,,,,,,,
790,El Valle Mexican Restaurant,3,casual,1,2,0,0,,1,1,0,1,1,1,0,no,,,,,,1,,0,0,0,0,0,,,,,,,Mexican,,
791,The Brightstar Grill,4,casual,0,1,0,0,,1,0,1,0,1,1,0,free,,,,,,1,,0,0,1,0,0,,,,,,,American,,
792,Victory Chevrolet,2.5,,,,,,,,,,,,,,,,,,,,,,,,,,,,,,,,,,,
793,McDonald's,1.5,casual,0,1,0,0,1,1,1,0,0,1,1,0,free,,,,,,1,,0,0,0,0,0,,,,,,,Fast Food,,
794,Lowesville Cafe,4,casual,0,1,0,0,,0,1,0,1,1,1,0,no,,,,,,1,,0,0,0,0,0,,,,,,,,,
795,Phillippi And Kwon Dentistry DDS,4.5,,,,,,,,,,,,,,,,,,,,,,,,,,,,,,,,,,,
796,Sheraton Charlotte Airport Hotel,3,,,2,,,,,,,,,1,,free,,,,,,,,,,,,,,,,,,,,,
797,Belk,3.5,,,2,,,,,,,,,1,,,,,,,,,,0,0,1,0,0,,,,,,,,,
798,TLC Wings & Grill,4,casual,0,1,1,0,,1,1,1,0,1,1,0,free,,,,,,1,,0,0,1,0,0,,,,,,,,,
799,Sarku Japan,3,casual,,1,0,1,,,0,,0,1,1,0,,,,,,,1,,,,,,,,,,,,,,,
800,Firehouse Subs,4,casual,0,1,1,1,0,1,1,,0,1,1,0,,,,,,,1,,0,0,0,0,0,,,,,,,Fast Food,,
801,Ethan Allen,2,,,3,,,,,,,,,1,,,,,,,,,,0,0,1,0,0,,,,,,,,,
802,Hot Topic,4,,,2,,,,,,,,,1,,,,,,,,,,0,0,0,0,0,,,,,,,,,
803,At Home,2.5,,,2,,,,,,,,,1,,,,,,,,,,0,0,1,0,0,,,,,,,,,
804,Comfort Suites,3,,,2,,,,,,,,,1,,free,,,,,,,,,,,,,,,,,,,,,
805,The Children's Place,2.5,,,2,,,,,,,,,1,,,,,,,,,,0,0,0,0,0,,,,,,,,,
806,Dick's Sporting Goods,3,,,2,,,,,,,,,1,,,,,,,,,,0,0,1,0,0,,,,,,,,,
807,Bassett,3.5,,,3,,,,,,,,,1,,,,,,,,,,0,0,1,0,0,,,,,,,,,
808,Waldhorn Restaurant,4.5,casual,1,2,0,1,,1,1,1,1,1,1,1,free,,,,,,1,,0,0,1,0,0,,,,,,,,,
809,BJ's Wholesale Club,3,,,2,,,,,,,,,1,,,,,,,,,,0,0,1,0,0,,,,,,,,,
810,Starbucks,3.5,,,1,,1,,,,,,,1,,free,,,,,,,,0,0,0,0,0,,,,,,,,,
811,Red Lobster,2.5,casual,1,2,0,0,,1,1,1,1,1,1,1,no,,,,,,1,,0,0,1,0,0,,,,,,,American,Seafood,
812,Toys R Us,3,,,2,,,,,,,,,1,,,,,,,,,,0,0,1,0,0,,,,,,,,,
813,Jason's Deli,4,casual,0,1,1,1,,1,0,1,0,1,1,0,free,,,,,,1,,0,0,1,0,0,,,,,,,,,
814,Sears Auto Center,3,,,2,,,,,,,,,1,,,,,,,,,,0,0,0,1,0,,,,,,,,,
815,Carolinas Medical Center-Pineville,3,,,,,,,,,,,,,,,,,,,,,,,,,,,,,,,,,,,
816,Spencer Gifts,3,,,2,,,,,,,,,1,,,,,,,,,,0,0,0,0,0,,,,,,,,,
817,The Home Depot,3,,,2,,,,,,,,,1,,,,,,,,,,0,0,1,0,0,,,,,,,,,
818,David's Bridal,4,,,2,,,,,,,,,1,,,,,,,,,,0,0,1,0,0,,,,,,,,,
819,LensCrafters,3,,,2,,,,,,,,,1,,,,,,,,,,0,0,0,0,0,,,,,,,,,
820,Captain D's,3,casual,0,1,0,0,,1,0,0,0,1,1,0,,,,,,,1,,,,,,,,,,,,,,,
821,Mattress Firm Carolina Place,3.5,,,2,,,,,,,,,1,,,,,,,,,,0,0,0,0,0,,,,,,,,,
822,Buca di Beppo Italian Restaurant,3,casual,1,2,0,0,,1,0,1,1,1,1,1,no,0,,no,,,1,,0,0,1,0,0,,,,,,,Pizza,Italian,
823,Bi-Lo,2.5,,,2,,,,,,,,,1,,,,,,,,,,0,0,1,0,0,,,,,,,,,
824,Oasis Pools Plus Outdoor Living Showplace,2,,,3,,,,,,,,,,,,,,,,,,,,,,,,,,,,,,,,
825,Champ's Sports,2,,,3,,,,,,,,,1,,,,,,,,,,0,0,0,0,0,,,,,,,,,
826,Kmart,3,,,1,,,,,,,,,1,,,,,,,,,,0,0,1,0,0,,,,,,,,,
827,Taco Bell,3.5,casual,0,1,0,0,1,0,0,0,0,1,1,0,free,,,,,,1,,0,0,1,0,0,,,,,,,Fast Food,Mexican,
828,Haverty Furniture,3,,,2,,,,,,,,,1,,,,,,,,,,0,0,1,0,0,,,,,,,,,
829,LongHorn Steakhouse,3.5,casual,1,2,0,0,,1,1,0,1,1,1,1,no,,,,,,1,,0,0,1,0,0,,,,,,,American,,
830,Petsmart,4,,,,,,,,,,,,,,,,,,,,,,,,,,,,,,,,,,,
831,Lone Star Steakhouse & Saloon,2.5,,,,,0,,,,,1,,,0,no,,,,,,,,,,,,,,,,,,,,,
832,JCPenney,3.5,,,2,,,,,,,,,1,,,,,,,,,,0,0,1,0,0,,,,,,,,,
833,Best Buy,2.5,,,2,,,,,,,,,1,,,,,,,,,,0,0,1,0,0,,,,,,,,,
834,Bruegger's Bagels,4,casual,0,1,0,1,,1,0,,0,1,1,0,free,,,,,,1,,0,0,0,0,0,,,,,,,Breakfast & Brunch,,
835,Le Fi Nail & Spa,5,,,2,,,,,,,,,1,,,,,,,,,,0,0,0,0,0,,,,,,,,,
836,Carolina Place,3.5,,,2,,,,,,,,,1,,,,,,,,,,0,0,1,0,0,,,,,,,,,
837,Applebee's,2.5,casual,1,2,0,0,,1,1,,,1,1,0,,1,0,,,,1,,,,,,,,,,,,,Nightlife,Bars,American
838,Dillard's,3.5,,,2,,,,,,,,,1,,,,,,,,,,0,0,1,0,0,,,,,,,,,
839,Zales Jewelers,3,,,,,,,,,,,,,,,,,,,,,,,,,,,,,,,,,,,
840,Helzberg Diamonds,3.5,,,3,,,,,,,,,1,,,,,,,,,,0,0,0,0,0,,,,,,,,,
841,Olive Garden Italian Restaurant,3,casual,1,2,0,0,,1,0,1,1,1,1,1,no,1,0,no,,,1,0,0,0,1,0,0,0,0,0,0,0,0,Nightlife,Bars,Italian
842,Tony Roma's,3,casual,1,2,0,0,,1,1,0,1,1,1,1,no,,,,,,1,,0,0,1,0,0,,,,,,,American,Barbeque,
843,Office Depot,4,,,2,,,,,,,,,1,,,,,,,,,,0,0,1,0,0,,,,,,,,,
844,CarMax,3.5,,,,,,,,,,,,,,,,,,,,,,,,,,,,,,,,,,,
845,Treadquarters Discount Tire,3,,,,,,,,,,,,,,,,,,,,,,,,,,,,,,,,,,,
846,Domino's Pizza,3.5,,,2,1,,,,,,,,,,,,,,,,1,,,,,,,,,,,,,Pizza,,
847,Sunbelt Rentals ,3,,,,,,,,,,,,1,,,,,,,,,,,,,,,,,,,,,,,
848,Kopper Kettle Restaurant,4.5,casual,0,1,1,0,,1,1,1,1,1,1,0,no,,,,,,1,,0,0,1,0,0,,,,,,,American,,
849,Corner Cafe & Catering,4.5,casual,0,1,0,0,,1,1,1,1,1,1,0,no,,,,,,1,,0,0,1,0,0,,,,,,,Breakfast & Brunch,,
850,Pineville Pet Quarters,5,,,,,,,,,,,,,,,,,,,,,,,,,,,,,,,,,,,
851,Meineke Car Care Center,3,,,,,,,,,,,,,,,,,,,,,,,,,,,,,,,,,,,
852,Best Friends Pet Care,3.5,,,,,,,,,,,,,,,,,,,,,,,,,,,,,,,,,,,
853,Jared's Galleria of Jewelry,2.5,,,3,,,,,,,,,1,,,,,,,,,,0,0,1,0,0,,,,,,,,,
854,Auntie Anne's,3.5,,,,,,,,,,,,,,,,,,,,,,,,,,,,,,,,,,,
855,Precision Tune Auto Care,2.5,,,,,,,,,,,,,,,,,,,,,,,,,,,,,,,,,,,
856,Hampton Inn & Suites Carolina Place,3,,,2,,,,,,,,,1,,free,,,,,,,,,,,,,,,,,,,,,
857,Arby's,2.5,casual,0,1,0,0,1,1,0,0,0,1,1,0,,,,,,,1,,,,,,,,,,,,,Fast Food,,
858,China Buffet,3,casual,beer_and_wine,2,0,0,,1,0,1,1,1,1,0,no,,,,,,1,,0,0,1,0,0,,,,,,,Chinese,,
859,Autobell Car Wash,2.5,,,,,,,,,,,,,,,,,,,,,,,,,,,,,,,,,,,
860,Hilton Garden Inn Charlotte Pineville,4,,,2,,,,,,,,,1,,free,,,,,,,,,,,,,,,,,,,,,
861,Mr Inspection,3.5,,,,,,,,,,,,,,,,,,,,,,,,,,,,,,,,,,,
862,The Well,5,,,,,,,,,,,,,,,,,,,,,,,,,,,,,,,,,,,
863,I Hop,3,casual,0,1,0,0,,1,0,0,1,1,1,0,no,,,,,,1,,0,0,1,0,0,,,,,,,,,
864,Hatoya,4.5,,,2,,,,,,,,,1,,,,,,,,,,0,0,1,0,0,,,,,,,,,
865,Mister Spas,3,,,,,,,,,,,,,,,,,,,,,,,,,,,,,,,,,,,
866,El Vallarta,3.5,casual,1,2,0,1,,0,,,1,1,1,,,,,,,,1,,,,,,,,,,,,,Mexican,,
867,Jiffy Lube,3.5,,,,,,,,,,,,,,,,,,,,,,,,,,,,,,,,,,,
868,China Express Chinese Restaurant,3.5,casual,0,1,1,0,,1,1,1,1,1,1,0,no,,,,,,1,,0,0,0,0,0,,,,,,,Chinese,,
869,Pineville Ice House,3.5,,,,,,,,,,,1,,,,,,,,,,,,,,,,,,,,,,,,
870,Fairpoint Communications,1,,,,,,,,,,,,,,,,,,,,,,,,,,,,,,,,,,,
871,Spa at Ballantyne,3,,,3,,,,,,,,,1,,,,,,,,,,0,0,1,0,0,,,,,,,,,
872,Hampton Inn & Suites Southpark At Phillips Place,4.5,,,2,,,,,,,,,1,,free,,,,,,,,,,,,,,,,,,,,,
873,Courtyard Charlotte Airport,2.5,,,2,,,,,,,,,1,,free,,,,,,,,,,,,,,,,,,,,,
874,Bank of America Corporate Center Parking,3.5,,,,,,,,,,,,,,,,,,,,,,,,,,,,,,,,,,,
875,Green's Lunch,3.5,casual,0,1,0,0,,1,0,0,0,1,1,0,no,,,,,,1,,1,0,0,0,0,,,,,,,,,
876,Charlotte Center City Partners,4,,,,,,,,,,,1,,,,,,,,,,,,,,,,,,,,,,,,
877,St Peter's Catholic Church,4.5,,,,,,,,,,,,,,,,,,,,,,,,,,,,,,,,,,,
878,Jackson's Java,3,,,2,,0,,,,,,,1,,free,,,,,,,,0,0,0,1,0,,,,,,,,,
879,Dunhill Hotel,4,,1,2,,1,,,,,1,,1,1,free,,,,,,1,,0,1,0,1,1,,,,,,,,,
880,McColl Center For Visual Art,4,,,1,,,,,,,,1,1,,,,,,,,,,1,0,1,0,0,,,,,,,,,
881,McNinch House Restaurant,4,formal,1,4,0,0,,1,0,0,1,0,1,1,no,,,,,,0,,0,1,0,0,0,,,,,,,American,,
882,Alexander Michael's,4.5,casual,1,2,0,0,,1,1,0,1,0,1,0,free,0,0,no,,,1,0,1,0,0,0,0,0,,,,,,Nightlife,Bars,American
883,Showmars,3.5,casual,0,1,0,0,,1,0,1,1,1,1,0,no,,,,,,1,,1,0,0,0,0,,,,,,,American,Mediterranean,Greek
884,Levine Museum of the New South,4.5,,,,,,,,,,,1,,,,,,,,,,,,,,,,,,,,,,,,
885,Morton's The Steakhouse,4,dressy,1,4,0,0,,1,1,1,1,0,1,1,free,,,,0,,0,,0,1,0,0,0,,,,,,,American,,
886,Matt's Chicago Dog,4,casual,0,1,0,1,0,1,1,1,0,1,1,0,free,,,,0,,1,,0,0,0,1,0,,,,,,,,,
887,Starbucks,3,,,2,,1,,,,,,,1,,free,,,,,,,,1,0,0,0,0,,,,,,,,,
888,Fox and Hound Smokehouse & Tavern,3,casual,1,2,0,1,,1,1,0,1,0,1,0,free,0,0,yes,,,0,0,1,0,0,0,0,0,,0,0,1,,Nightlife,Bars,American
889,First Ward I-II,2,,,,,,,,,,,,1,,,,,,,,,,,,,,,,,,,,,,,
890,North Carolina Blumenthal Performing Arts,4.5,,,,,,,,,,,1,,,,,,,,,,,,,,,,,,,,,,,,
891,Soho Bistro,4,casual,beer_and_wine,2,1,0,,1,0,0,1,1,1,1,no,,,,,,1,,1,0,0,1,0,,,,,,,Chinese,,
892,Champions,2.5,,1,2,,0,,1,1,,,,1,,free,1,0,no,,,,0,0,0,0,0,0,0,0,0,0,0,0,Nightlife,Bars,
893,Charlotte Marriott City Center,3.5,,,3,,,,,,,,,1,,paid,,,,,,,,,,,,,,,,,,,,,
894,The Light Factory,4,,,1,,,,,,,,1,1,,,,,,,,,,1,0,1,0,0,,,,,,,,,
895,Signature Consultants,2.5,,,,,,,,,,,,,,,,,,,,,,,,,,,,,,,,,,,
896,The Sandwich Club,3.5,casual,,1,,,,,,,,,1,,,,,,,,,,,,,,,,,,,,,,,
897,Sushiya Japan,4,casual,beer_and_wine,2,1,1,,1,1,1,1,1,1,1,no,,,,,,1,,,,,,,,,,,,,Sushi Bars,Japanese,
898,Eden Cleaners,3,,,3,,,,,,,,,1,,,,,,,,,,0,0,0,1,0,,,,,,,,,
899,City Tavern,2.5,casual,1,2,0,1,,1,,,1,0,1,1,,,,,,,1,,0,0,0,0,0,,,,,,,Seafood,,
900,Rock Bottom Restaurant & Brewery,3.5,casual,1,2,0,1,,1,1,1,1,1,1,1,free,1,0,no,,,1,0,1,0,0,0,0,0,0,0,0,0,1,Nightlife,Bars,American
901,Charlotte City Club,3.5,,,,,,,,,,,,1,,,,,,,,,,,,,,,,,,,,,,,
902,Burger King,2.5,casual,0,1,0,0,0,1,0,0,0,1,1,0,no,,,,,,1,,0,0,0,0,0,,,,,,,,,
903,Spectrum Eye Care,5,,,,,,,,,,,,,,,,,,,,,,,,,,,,,,,,,,,
904,Fujiyama,3.5,casual,0,2,0,0,,0,0,0,0,0,1,0,no,,,,,,1,,,,,,,,,,,,,Seafood,,
905,Simmons Restaurant,3.5,casual,0,1,0,0,,1,0,1,1,1,1,0,no,,,,,,1,,0,0,1,0,0,,,,,,,,,
906,Presto Bar & Grill,3,casual,1,2,0,1,,1,1,1,1,0,1,1,,,,,,,1,,1,0,1,0,0,,,,,,,American,,
907,China King,3,casual,,1,,1,,1,,,0,1,1,0,,,,,,,1,,0,0,0,0,0,,,,,,,Chinese,,
908,Enterprise Rent-A-Car,2.5,,,,,,,,,,,,,,,,,,,,,,,,,,,,,,,,,,,
909,Bojangles,3.5,casual,0,1,0,0,,1,0,0,0,1,,0,no,,,,,,1,,0,0,0,0,0,,,,,,,,,
910,The Westin Charlotte,3.5,,,3,,,,,,,,,1,,paid,,,,,,,,,,,,,,,,,,,,,
911,Holiday Inn Charlotte-Center City,3,,,2,,,,,,,,,1,,free,,,,,,,,,,,,,,,,,,,,,
912,Ray's Splash Planet,3,,,,,,,,,,,1,,,,,,,,,,,,,,,,,,,,,,,,
913,Elmwood Cemetery,4.5,,,,,,,,,,,1,0,,,,,,,,,,,,,,,,,,,,,,,
914,Mecklenburg County Aquatic Center,4,,,,,,,,,,,1,,,,,,,,,,,,,,,,,,,,,,,,
915,Mint Museum of Craft & Design,2.5,,,,,,,,,,,0,,,,,,,,,,,,,,,,,,,,,,,,
916,Queens University of Charlotte,4,,,,,,,,,,,,,,,,,,,,,,,,,,,,,,,,,,,
917,Charlotte Coffee Station,4,,,1,,0,,,,,,,1,,free,,,,,,,,0,0,0,1,0,,,,,,,,,
918,FedEx Office Print & Ship Center,3.5,,,,,,,,,,,,1,,,,,,,,,,,,,,,,,,,,,,,
919,Time Warner Cable,1.5,,,,,,,,,,,,1,,,,,,,,,,,,,,,,,,,,,,,
920,Ratcliffe On The Green,4,dressy,1,2,0,1,,1,0,0,1,0,1,1,,,,,,,1,,0,0,0,1,1,,,,,,,American,,
921,Modern Salon & Spa,4,,,3,,,,,,,,0,1,,,,,,,,,,0,0,0,1,0,,,,,,,,,
922,Charlotte Convention Center,3,,,,,,,,,,,,1,,,,,,,,,,,,,,,,,,,,,,,
923,Residence Inn by Marriott Charlotte Uptown,3.5,,,3,,,,,,,,,1,,free,,,,,,,,,,,,,,,,,,,,,
924,Barnes & Noble Booksellers,3,,,2,,,,,,,,,1,,,,,,,,,,0,0,1,0,0,,,,,,,,,
925,Sung's Dry Cleaners,4.5,,,1,,,,,,,,,1,,,,,,,,,,,,,,,,,,,,,,,
926,Gateway Cleaners,3,,,3,,,,,,,,,1,,no,,,,,,,,1,0,0,0,0,,,,,,,,,
927,Salsarita's Fresh Cantina,4,casual,0,1,0,0,0,1,1,,0,1,1,0,,,,,,,1,,0,0,0,0,0,,,,,,,Fast Food,Mexican,
928,Monticello Restaurant,3.5,dressy,1,2,0,1,,1,,,1,0,1,1,,,,,,,,,0,0,0,0,0,,,,,,,American,Breakfast & Brunch,
929,Actor's Theatre of Charlotte,4.5,,,,,,,,,,,1,,,,,,,,,,,,,,,,,,,,,,,,
930,Java Joes,5,,,1,,0,,,,,,,1,,,,,,,,,,0,0,0,0,0,,,,,,,,,
931,Bar Charlotte,2.5,,1,2,,0,,0,0,,,,1,,,0,1,no,,,,1,1,0,0,0,0,1,0,0,0,0,0,Nightlife,Bars,
932,Mert's Heart & Soul,3.5,casual,beer_and_wine,2,0,1,,1,0,1,1,1,1,1,no,,,,,,1,,1,0,1,0,1,,,,,,,,,
933,Brevard Court Sundries,3,casual,1,2,0,0,,1,,,1,0,1,0,,,,,,,1,,,,,,,,,,,,,American,,
934,Halfpenny's,4,,,1,,,,,,,,,1,,no,,,,,,,,1,0,0,0,0,,,,,,,,,
935,Jersey Mike's Subs,4,casual,0,1,,0,0,1,1,,0,1,1,0,,,,,,,1,,0,0,0,0,0,,,,,,,Fast Food,,
936,Mimosa Grill,4,casual,1,2,0,1,,1,1,1,1,0,1,1,free,,,,,,0,,1,0,0,0,0,,,,,,,American,,
937,Arthurs's At Wachovia,4,casual,,1,,,,,,,,,,0,,,,,,,,,,,,,,,,,,,,,,
938,Uptown Cabaret,2.5,,1,3,,0,,1,1,,,0,1,,,0,0,no,,,,1,0,0,1,0,0,1,,0,0,0,,Nightlife,,
939,Fuel Pizza Cafe,3,casual,beer_and_wine,1,0,1,,1,1,,0,1,1,0,,,,,,,1,,1,0,0,0,0,,,,,,,Pizza,,
940,Showmars Government Center,3.5,casual,,1,0,,,1,,,,1,1,0,free,,,,,,1,,,,,,,,,,,,,American,,
941,Luce Restaurant & Bar,4,dressy,1,3,0,1,,1,0,0,1,0,1,1,no,,,,0,,0,,0,0,0,1,0,,,,,,,Italian,,
942,Phil's Deli New York Deli & Tavern,3,casual,1,1,0,0,,1,1,,1,0,1,0,,1,0,,,,1,,0,0,0,1,0,,,,,,,Nightlife,Bars,
943,DoubleTree By Hilton Hotel Charlotte,3.5,,,2,,,,,,,,,1,,paid,,,,,,,,,,,,,,,,,,,,,
944,Hartigan's Irish Pub,3,casual,1,2,0,1,,1,1,0,1,0,1,0,free,1,1,outdoor,,,1,0,0,0,1,0,0,1,,0,1,1,,Nightlife,Bars,American
945,Phil's Tavern,2.5,casual,1,2,0,0,,1,1,0,1,0,1,0,no,0,1,yes,,,1,0,1,0,0,0,0,0,0,0,0,0,1,Nightlife,Bars,
946,Brixx Wood Fired Pizza,3.5,casual,1,2,0,1,,1,1,1,1,1,1,1,no,,,,,,1,,0,0,0,1,0,,,,,,,Pizza,,
947,Jun's Dry Cleaners,4,,,2,,,,,,,,,1,,no,,,,,,,,0,0,0,0,0,,,,,,,,,
948,Hilton Garden Inn Charlotte Uptown,4,,,2,,,,,,,,,1,,free,,,,,,,,,,,,,,,,,,,,,
949,Goat Wagon Grocery,2.5,,,2,,,,,,,,,1,,,,,,,,,,0,0,0,0,0,,,,,,,,,
950,The Capital Grille,4.5,dressy,1,3,0,1,,1,1,1,1,0,1,1,no,1,0,no,0,,0,1,,,,,,0,0,0,0,0,0,Nightlife,Bars,Seafood
951,Charlotte Hornets,3.5,,,,,,,,,,,1,,,,,,,,,,,,,,,,,,,,,,,,
952,Graduate Food & Pub,3.5,casual,1,,,,,,,,1,0,,,,1,,yes,,,,,,,,,,,,,,,,Nightlife,Bars,American
953,Stool Pigeons Coop & Grill,3.5,,1,2,,1,,1,1,,,,1,,,1,0,outdoor,,,,0,1,0,0,1,1,0,,0,0,0,,Nightlife,Bars,American
954,The Charlotte Observer,1.5,,,,,,,,,,,,,,,,,,,,,,,,,,,,,,,,,,,
955,Savannah Red,4,dressy,1,3,0,0,,1,0,0,1,0,1,1,,,,,,,1,,0,1,0,0,0,,,,,,,American,,
956,Cutters Cigar Bar,4,,1,3,,0,,1,0,,,,1,,,0,0,yes,,,,0,0,0,0,1,0,0,0,0,0,0,1,Nightlife,Bars,
957,Bank of America Stadium,4,,,,,,,,,,,1,,,,,,,,,,,,,,,,,,,,,,,,
958,Carolina Panthers,4,,,,,,,,,,,1,,,,,,,,,,,,,,,,,,,,,,,,
959,Frankie's Italian Grille,3.5,casual,1,2,0,0,,1,0,,1,0,1,1,,,,,,,0,,0,0,1,0,0,,,,,,,Italian,,
960,Chicks Restaurant,3.5,casual,0,1,0,0,,0,0,0,0,1,1,0,no,,,,,,1,,0,0,0,0,0,,,,,,,American,,
961,Connolly's On Fifth,3.5,,1,2,,1,,1,1,,,,1,,,1,0,outdoor,,,,0,1,0,0,0,0,0,,0,0,1,,Nightlife,Bars,
962,Ruby Tuesday Restaurant,4,casual,1,2,0,0,,1,,,1,1,1,1,,,,,,,1,,0,0,0,0,0,,,,,,,American,,
963,Jeffrey I. Musler & Associates,3.5,,,,,,,,,,,,,,,,,,,,,,,,,,,,,,,,,,,
964,Fink's Jewelers,3,,,4,,,,,,,,,1,,,,,,,,,,0,0,0,0,0,,,,,,,,,
965,Arthur's At Belk,4.5,casual,beer_and_wine,1,0,0,0,1,1,1,0,1,1,0,free,,,,,,1,,0,0,0,1,0,,,,,,,,,
966,Bruegger's Bagels,3,casual,0,1,0,1,,1,0,,0,1,1,0,,,,,,,1,,0,0,1,0,0,,,,,,,Breakfast & Brunch,,
967,Buckhead Saloon,3,,1,3,,1,,1,,,,,1,,,0,,yes,,,,,0,0,0,0,0,0,,0,1,0,,Nightlife,Bars,
968,LaVecchia's Seafood Grille,3.5,dressy,1,3,0,1,,1,0,,1,0,1,1,no,,,,,,1,,0,0,0,1,0,,,,,,,Seafood,,
969,Caribou Coffee,3.5,,,2,,0,,,,,,,1,,free,,,,,,,,0,0,0,0,0,,,,,,,,,
970,Goodyear Auto Service Centers,1.5,,,,,,,,,,,,,,,,,,,,,,,,,,,,,,,,,,,
971,Greyhound Bus Lines,2,,,,,,,,,,,,,,,,,,,,,,,,,,,,,,,,,,,
972,Cosmos Cafe,3,casual,1,2,0,0,,1,1,0,1,0,1,1,free,1,0,no,,,1,0,1,0,0,0,0,1,,1,0,0,,Nightlife,Bars,American
973,Caribou Coffee,4.5,,,1,,0,,,,,,,1,,free,,,,,,,,0,0,0,1,0,,,,,,,,,
974,Discovery Place,4,,,,,,,,,,,1,,,,,,,,,,,,,,,,,,,,,,,,
975,Quiznos Sub,2.5,casual,,,,,,,,,,,,,,,,,,,,,0,0,0,0,0,,,,,,,,,
976,Pizzeria Uno,2,casual,1,2,,1,,1,,,1,1,1,0,,,,,0,,1,,0,0,0,1,0,,,,,,,Pizza,,
977,Hampton Inn-Charlotte Uptown,3.5,,,2,,,,,,,,,1,,free,,,,,,,,,,,,,,,,,,,,,
978,Smoothie King,4,,,2,,,,,,,,,1,,no,,,,,,,,0,0,0,1,0,,,,,,,,,
979,Dixie's Tavern,3,casual,1,1,0,1,,1,1,,1,0,1,1,,0,1,yes,,,0,0,0,0,1,0,0,0,,0,0,0,,Nightlife,Bars,
980,Breakfast Club,3.5,,1,2,,1,,1,1,,,,1,,,1,1,yes,,,,0,1,0,1,0,0,1,0,0,0,0,0,Nightlife,,
981,Uptown Cleaners,3,,,2,,,,,,,,,1,,,,,,,,,,0,0,0,0,0,,,,,,,,,
982,United States Post Office Founder's Hall,2.5,,,,,,,,,,,,,,,,,,,,,,,,,,,,,,,,,,,
983,Tic Toc Diner & Catering,4.5,casual,0,1,0,0,,0,1,1,0,1,1,0,no,,,,,,1,,1,0,0,0,0,,,,,,,,,
984,Preferred Parking Service,1.5,,,,,,,,,,,,,,,,,,,,,,,,,,,,,,,,,,,
985,Sub One Hoagie House,4.5,casual,0,1,0,0,,1,0,0,0,1,1,0,no,,,,,,1,,0,0,1,0,0,,,,,,,,,
986,Citi Cleaners,1.5,,,3,,,,,,,,,1,,no,,,,,,,,0,0,0,0,0,,,,,,,,,
987,Rite Aid,3.5,,,1,,,,,,,,,1,,,,,,,,,,1,0,0,0,0,,,,,,,,,
988,Omni Charlotte Hotel,3,,,3,,,,,,,,,1,,paid,,,,,,,,,,,,,,,,,,,,,
989,Reid's Fine Foods,4,casual,beer_and_wine,2,0,1,,1,,,0,1,1,0,,,,,,,1,,0,0,0,1,1,,,,,,,,,
990,Sonoma Bistro,3.5,,1,3,,,,1,,,1,0,1,1,,,,,,,,,0,0,0,0,0,,,,,,,American,,
991,China Queen Buffett,2,,,1,,0,,,,,,0,1,0,,,,,,,,,,,,,,,,,,,,Chinese,,
992,The Bookmark,3,,,2,,,,,,,,,1,,,,,,,,,,0,0,0,0,0,,,,,,,,,
993,Latorre's Restaurant,4,casual,1,2,0,0,,1,,,1,0,1,0,,,1,outdoor,0,,0,1,1,0,0,0,0,0,,0,1,0,,Nightlife,,
994,Don's Tennis Accessories,4,,,2,,,,,,,,,1,,,,,,,,,,0,0,0,0,0,,,,,,,,,
995,French Quarter,3.5,casual,1,2,0,1,,1,1,1,1,1,1,0,free,,,,,,1,,1,0,0,0,0,,,,,,,,,
996,Carolina Neurological Clinic PA,5,,,,,,,,,,,,,,,,,,,,,,,,,,,,,,,,,,,
997,Aquavina,3,dressy,1,4,0,1,,1,0,,1,0,1,1,,,,,,,1,,1,0,0,1,0,,,,,,,American,,
998,Red Roof Inns,1.5,,,1,,,,,,,,,1,,free,,,,,,,,,,,,,,,,,,,,,
999,Circle K,2.5,,,2,,,,,,,,,1,,,,,,,,,,0,0,0,0,0,,,,,,,,,
1000,Wendy's,1.5,casual,0,,0,,,1,,,,1,1,0,,,,,,,1,,,,,,,,,,,,,Fast Food,,
